"address","categoryId","city","contactPhone","country","createdAt","description","evidence","geo","id","images","kind","location","locationGranularity","name","price","promotionTier","remote","salary","source","sourceUrl","sponsoredUntil","state","subtype","tags","title","type","updatedAt","website"
"Addis Ababa, Ethiopia","jobs","Addis Ababa","N/A","Ethiopia","","","Job Opportunity at Habesha Breweries – Fresh Graduates Welcome!

Habesha Breweries

Location: Addis Ababa, Ethiopia","{""formatted_address"":{""S"":""Addis Ababa, Ethiopia""},""location_type"":{""S"":""APPROXIMATE""},""granularity"":{""S"":""city""},""geocoded_from"":{""S"":""Addis Ababa, Addis Ababa, Ethiopia""}}","habesha-breweries-addis-ababa-addis-ababa-full-time-1883e41bc7b162f1","[]","job","{""lat"":{""N"":""9.0191936""},""lon"":{""N"":""38.7524635""}}","city","Habesha Breweries","N/A","",false,"N/A","openai_web_search+google_geocode","https://www.alljobspo.com/ethiopia-jobs/job-details/288854","","Addis Ababa","Full-time","[{""S"":""Habesha Breweries""},{""S"":""Job Opportunity""},{""S"":""Fresh Graduates""},{""S"":""Addis Ababa""},{""S"":""Ethiopia""}]","Job Opportunity at Habesha Breweries – Fresh Graduates Welcome!","job","2025-12-19T17:51:24.173027+00:00","https://www.alljobspo.com/ethiopia-jobs/job-details/288854"
"","rentals","","(720) 822-2211","","","","Frey offers top-notch expertise and knowledge to help you navigate the complex buying process.","{""formatted_address"":{""S"":""""},""location_type"":{""S"":""""},""granularity"":{""S"":""remote""}}","frey-tariku-sr-mortgage-loan-officer-unknown-unknown-mortgage-bbce558fd141a2d8","[]","rental","","remote","Frey Tariku – Sr. Mortgage Loan Officer","","",true,"","openai_web_search+google_geocode","https://habeshalink.com/listings/frey-tariku-mortgage-loan-officer/","","","mortgage","[{""S"":""Frey Tariku""},{""S"":""mortgage loan officer""},{""S"":""Habesha""},{""S"":""Ethiopian community""},{""S"":""USA""}]","Frey Tariku – Sr. Mortgage Loan Officer","mortgage","2025-12-19T17:53:35.624078+00:00","https://habeshalink.com/listings/frey-tariku-mortgage-loan-officer/"
"Washington, DC","services","Washington","301-244-8174","USA","","","Law Office of Sahlu Mikael
See More on Sahlu Mikael Here","{""formatted_address"":{""S"":""Washington, DC, USA""},""location_type"":{""S"":""APPROXIMATE""}}","law-office-of-sahlu-mikael-washington-dc-ethiopian-afd7e9c863426de8","[]","","{""lat"":{""N"":""38.9071923""},""lon"":{""N"":""-77.0368707""}}","","Law Office of Sahlu Mikael","","","","","openai_web_search+google_geocode","https://habeshayellowpages.com/listings/ethiopian-lawyers-near-me/","","DC","Ethiopian","[{""S"":""lawyer""},{""S"":""Ethiopian""}]","","lawyer","2025-12-19T18:02:32.651777+00:00","https://habeshayellowpages.com/listings/ethiopian-lawyers-near-me/"
"123 Pickett Street, Alexandria, VA 22304","markets","Alexandria","(703) 370-0000","USA","","","Located at 123 Pickett Street, Alexandria, VA 22304.","{""formatted_address"":{""S"":""123 S Pickett St, Alexandria, VA 22304, USA""},""location_type"":{""S"":""RANGE_INTERPOLATED""}}","world-food-alexandria-va-market-4f2f34eb3270db62","[]","","{""lat"":{""N"":""38.8099672""},""lon"":{""N"":""-77.1234642""}}","","World Food","","","","","openai_web_search+google_geocode","https://www.worldfoodva.com/","","VA","market","[{""S"":""Ethiopian""},{""S"":""Eritrean""},{""S"":""Habesha""},{""S"":""grocery""},{""S"":""market""},{""S"":""injera""}]","","grocery","2025-12-19T17:58:11.732646+00:00","https://www.worldfoodva.com/"
"Los Angeles, CA, USA","events","Los Angeles","","USA","","","East African party in Los Angeles celebrating Ethiopian and Eritrean culture.","{""formatted_address"":{""S"":""Los Angeles, CA, USA""},""location_type"":{""S"":""APPROXIMATE""}}","motherland-sounds-east-african-party-los-angeles-ca-cultural-c5e24162c1eedba9","[]","","{""lat"":{""N"":""34.0549076""},""lon"":{""N"":""-118.242643""}}","","Motherland Sounds East African Party","","","","","openai_web_search+google_geocode","https://www.okayafrica.com/motherland-sounds-ethiopia-eritrea-music/","","CA","cultural","[{""S"":""East African party""},{""S"":""Ethiopian culture""},{""S"":""Eritrean culture""},{""S"":""Los Angeles""}]","","event","2025-12-19T17:59:10.085328+00:00",""
"3820 South Angeline Street","restaurants","Seattle","(206) 555-7890","United States","","","Habesha Cafe is a family-owned Ethiopian and Eritrean restaurant in Seattle, Washington.","{""formatted_address"":{""S"":""3820 S Angeline St, Seattle, WA 98118, USA""},""location_type"":{""S"":""RANGE_INTERPOLATED""}}","habesha-cafe-seattle-washington-ethiopian-48b6698ecab19059","[]","","{""lat"":{""N"":""47.5596672""},""lon"":{""N"":""-122.2840507""}}","","Habesha Cafe","","","","","openai_web_search+google_geocode","https://habesha.cafe/about-us/","","Washington","Ethiopian","[{""S"":""Ethiopian""},{""S"":""Eritrean""}]","","restaurant","2025-12-19T17:55:28.111878+00:00","https://habesha.cafe"
"Washington, DC","services","Washington","301-244-8174","USA","","","Selam Travel and Media Services
See More info Here","{""formatted_address"":{""S"":""Washington, DC, USA""},""location_type"":{""S"":""APPROXIMATE""}}","selam-travel-and-media-services-washington-dc-ethiopian-807cb961fff61d8e","[]","","{""lat"":{""N"":""38.9071923""},""lon"":{""N"":""-77.0368707""}}","","Selam Travel and Media Services","","","","","openai_web_search+google_geocode","https://habeshalink.com/listings/ethiopian-notarization-document-legalization-services/","","DC","Ethiopian","[{""S"":""notary""},{""S"":""Ethiopian""}]","","notary","2025-12-19T18:02:33.442450+00:00","https://habeshalink.com/listings/ethiopian-notarization-document-legalization-services/"
"","rentals","","","","2025-12-23T23:22:12.618829+00:00","","","","e59fd646-8aa7-4265-a9fd-16f2accee961","","","","","rent2","","",false,"","","","","","","","","","2025-12-23T23:22:12.618829+00:00",""
"Washington, DC","services","Washington","Not provided","USA","","","""Law Office of Kebere Assefa"" listed under Ethiopian Lawyers Near Me.","{""formatted_address"":{""S"":""Washington, DC, USA""},""location_type"":{""S"":""APPROXIMATE""}}","law-office-of-kebere-assefa-washington-dc-lawyer-856e51c59a6767b6","[]","","{""lat"":{""N"":""38.9071923""},""lon"":{""N"":""-77.0368707""}}","","Law Office of Kebere Assefa","","","","","openai_web_search+google_geocode","https://habeshayellowpages.com/listings/ethiopian-lawyers-near-me/","","DC","lawyer","[{""S"":""lawyer""},{""S"":""Ethiopian""}]","","business","2025-12-19T18:03:39.172669+00:00","https://habeshayellowpages.com/listings/ethiopian-lawyers-near-me/"
"","rentals","","","","2025-12-23T21:11:11.186907+00:00","","","","d889f086-cb44-492f-a46b-b56119116436","","","","","car","","",false,"","","","","","","","","","2025-12-23T21:11:11.186907+00:00",""
"2434 18th Street NW","","Washington","202-462-4100","USA","","","Meskerem 2434 18th Street NW, Washington, DC 20009 202-462 4100 www.meskeremethiopianrestaurantdc.com","{""formatted_address"":{""S"":""2434 18th St NW, Washington, DC 20009, USA""},""location_type"":{""S"":""ROOFTOP""},""granularity"":{""S"":""street""},""geocoded_from"":{""S"":""2434 18th Street NW, Washington, DC, USA""}}","meskerem-washington-dc-ethiopian-b6fbea387a1cfcac","[]","place","{""lat"":{""N"":""38.9214802""},""lon"":{""N"":""-77.04264739999999""}}","street","Meskerem","N/A","",false,"N/A","openai_web_search+google_geocode","https://oaa.dc.gov/sites/default/files/dc/sites/oaa/page_content/attachments/Africancomp.pdf","","DC","Ethiopian","[{""S"":""Ethiopian restaurant""},{""S"":""Washington DC""}]","Ethiopian Restaurant","restaurant","2025-12-19T01:27:45.359330+00:00","https://www.meskeremethiopianrestaurantdc.com"
"On Bole Road near Wollo Sefer Junction","restaurants","Addis Ababa","+251 11 618 8888","Ethiopia","","","Habesha Restaurant offers diners an authentic Ethiopian meal, where they will sit on wooden stools around a mesop (Ethiopian dinner table).","{""formatted_address"":{""S"":""Africa Ave, Addis Ababa, Ethiopia""},""location_type"":{""S"":""GEOMETRIC_CENTER""}}","habesha-restaurant-addis-ababa-addis-ababa-ethiopian-0dd5c67053a7a49d","[]","","{""lat"":{""N"":""8.9933434""},""lon"":{""N"":""38.7753464""}}","","Habesha Restaurant","","","","","openai_web_search+google_geocode","https://pressfolios-production.s3.amazonaws.com/uploads/story/story_pdf/59482/594821390286018MdrNORGTU64yzhRLpEpn.pdf","","Addis Ababa","Ethiopian","[{""S"":""Ethiopian""},{""S"":""Habesha""}]","","restaurant","2025-12-19T17:55:50.147486+00:00","https://www.yodabyssinia.com/"
"Washington, DC","services","Washington","301-244-8174","USA","","","LAW OFFICES OF SEIFE LEMMA
See More info Here","{""formatted_address"":{""S"":""Washington, DC, USA""},""location_type"":{""S"":""APPROXIMATE""}}","law-offices-of-seife-lemma-washington-dc-ethiopian-76dfd7dee0f8642e","[]","","{""lat"":{""N"":""38.9071923""},""lon"":{""N"":""-77.0368707""}}","","Law Offices of Seife Lemma","","","","","openai_web_search+google_geocode","https://habeshayellowpages.com/listings/ethiopian-lawyers-near-me/","","DC","Ethiopian","[{""S"":""lawyer""},{""S"":""Ethiopian""}]","","lawyer","2025-12-19T18:02:32.804515+00:00","https://habeshayellowpages.com/listings/ethiopian-lawyers-near-me/"
"Washington, DC","services","Washington","Not provided","USA","","","""Mikre Ayele"" listed under Ethiopian Lawyers Near Me.","{""formatted_address"":{""S"":""Washington, DC, USA""},""location_type"":{""S"":""APPROXIMATE""}}","mikre-ayele-washington-dc-lawyer-73f2478c07dd6752","[]","","{""lat"":{""N"":""38.9071923""},""lon"":{""N"":""-77.0368707""}}","","Mikre Ayele","","","","","openai_web_search+google_geocode","https://habeshayellowpages.com/listings/ethiopian-lawyers-near-me/","","DC","lawyer","[{""S"":""lawyer""},{""S"":""Ethiopian""}]","","business","2025-12-19T18:03:39.471628+00:00","https://habeshayellowpages.com/listings/ethiopian-lawyers-near-me/"
"","markets","","","","2025-12-23T21:53:25.427338+00:00","","","","4d5af00a-a792-4dc9-b809-9b261765e6a2","","","","","abc","","",false,"","","","","","","","","","2025-12-23T21:53:25.427338+00:00",""
"Behind the Main Post Office","restaurants","Addis Ababa","+251 11 552 9746","Ethiopia","","","Dashen Restaurant is a popular Ethiopian restaurant located behind the Main Post Office in Addis Ababa, known for its Melasse tibs and live music on weekend nights.","{""formatted_address"":{""S"":""Addis Ababa, Ethiopia""},""location_type"":{""S"":""APPROXIMATE""}}","dashen-restaurant-addis-ababa-addis-ababa-ethiopian-2b84163d7c055864","[]","","{""lat"":{""N"":""9.0191936""},""lon"":{""N"":""38.7524635""}}","","Dashen Restaurant","","","","","openai_web_search+google_geocode","https://www.icwe-secretariat.com/files/eLA15/Restaurants_and_social_events.pdf","","Addis Ababa","Ethiopian","[{""S"":""Ethiopian""},{""S"":""Addis Ababa""}]","","restaurant","2025-12-19T17:55:05.240979+00:00","https://www.dashenrestaurant.com"
"Bole, K03/05","restaurants","Addis Ababa","+251 11 661 2176","Ethiopia","","","2000 Habesha Cultural Restaurant is along the city’s main road, Bole, and is situated in a tukul, a traditional hut with low wooden tables.","{""formatted_address"":{""S"":""Bole, Addis Ababa, Ethiopia""},""location_type"":{""S"":""APPROXIMATE""}}","2000-habesha-cultural-restaurant-addis-ababa-addis-ababa-ethiopian-0dabfe08162b93c7","[]","","{""lat"":{""N"":""8.9831138""},""lon"":{""N"":""38.8100855""}}","","2000 Habesha Cultural Restaurant","","","","","openai_web_search+google_geocode","https://www.icwe-secretariat.com/files/eLA15/Restaurants_and_social_events.pdf","","Addis Ababa","Ethiopian","[{""S"":""Ethiopian""}]","","restaurant","2025-12-19T17:55:29.017166+00:00","https://www.2000habesha.com"
"2413 Northeast Martin Luther King Jr. Boulevard","restaurants","Portland","(503) 287-2000","USA","","","Address: 2413 Northeast Martin Luther King Jr. Boulevard, Portland, OR 97208","{""formatted_address"":{""S"":""2413 NE Martin Luther King Jr Blvd, Portland, OR 97212, USA""},""location_type"":{""S"":""ROOFTOP""}}","queen-of-sheba-portland-or-ethiopian-3109db07e02596aa","[]","","{""lat"":{""N"":""45.54026469999999""},""lon"":{""N"":""-122.6618327""}}","","Queen of Sheba","","","","","openai_web_search+google_geocode","https://queenofsheba.biz","","OR","Ethiopian","[{""S"":""Ethiopian""},{""S"":""Eritrean""},{""S"":""Habesha""}]","","restaurant","2025-12-19T17:55:37.619757+00:00","https://queenofsheba.biz"
"Washington, DC","services","Washington","301-244-8174","USA","","","LAW OFFICE OF KEBERE ASSEFA
See More info Here","{""formatted_address"":{""S"":""Washington, DC, USA""},""location_type"":{""S"":""APPROXIMATE""}}","law-office-of-kebere-assefa-washington-dc-ethiopian-87a3739ee0effab7","[]","","{""lat"":{""N"":""38.9071923""},""lon"":{""N"":""-77.0368707""}}","","Law Office of Kebere Assefa","","","","","openai_web_search+google_geocode","https://habeshayellowpages.com/listings/ethiopian-lawyers-near-me/","","DC","Ethiopian","[{""S"":""lawyer""},{""S"":""Ethiopian""}]","","lawyer","2025-12-19T18:02:33.161821+00:00","https://habeshayellowpages.com/listings/ethiopian-lawyers-near-me/"
"2147 P Street NW","","Washington","202-775-1882","USA","","","Marrakesh P Restaurant 2147 P Street NW, Washington, DC 20037 202-775-1882 www.marrakeshpstreetdc.com","{""formatted_address"":{""S"":""2147 P St NW, Washington, DC 20037, USA""},""location_type"":{""S"":""ROOFTOP""},""granularity"":{""S"":""street""},""geocoded_from"":{""S"":""2147 P Street NW, Washington, DC, USA""}}","marrakesh-p-restaurant-washington-dc-ethiopian-23b2ffc036969290","[]","place","{""lat"":{""N"":""38.909831""},""lon"":{""N"":""-77.04820939999999""}}","street","Marrakesh P Restaurant","N/A","",false,"N/A","openai_web_search+google_geocode","https://oaa.dc.gov/sites/default/files/dc/sites/oaa/page_content/attachments/Africancomp.pdf","","DC","Ethiopian","[{""S"":""Ethiopian restaurant""},{""S"":""Washington DC""}]","Ethiopian Restaurant","restaurant","2025-12-19T01:27:45.146439+00:00","https://www.marrakeshpstreetdc.com"
"Washington, DC","services","Washington","Not provided","USA","","","""Law Office of Alan Gudeta"" listed under Ethiopian Lawyers Near Me.","{""formatted_address"":{""S"":""Washington, DC, USA""},""location_type"":{""S"":""APPROXIMATE""}}","law-office-of-alan-gudeta-washington-dc-lawyer-a48aab557e694355","[]","","{""lat"":{""N"":""38.9071923""},""lon"":{""N"":""-77.0368707""}}","","Law Office of Alan Gudeta","","","","","openai_web_search+google_geocode","https://habeshayellowpages.com/listings/ethiopian-lawyers-near-me/","","DC","lawyer","[{""S"":""lawyer""},{""S"":""Ethiopian""}]","","business","2025-12-19T18:03:39.250581+00:00","https://habeshayellowpages.com/listings/ethiopian-lawyers-near-me/"
"","events","","","","2025-12-23T21:54:01.938474+00:00","","","","6cd0f4e4-bfd6-4983-b517-8a2cde24aa83","","","","","00aabc","","",false,"","","","","","","","","","2025-12-23T21:54:01.938474+00:00",""
"Chilga, Ethiopia","jobs","Chilga","N/A","Ethiopia","","","Ethiopia Job Deadline: 02/12/2025

Sponsorship Officer

Full time

Company: World Vision Ethiopia

Location: Chilga, Ethiopia

Open Position: N/A

Experience: 3+ years of relevant work experience

Education: BA/BSc in De","{""formatted_address"":{""S"":""Aykel, Ethiopia""},""location_type"":{""S"":""APPROXIMATE""},""granularity"":{""S"":""city""},""geocoded_from"":{""S"":""Chilga, Amhara, Ethiopia""}}","world-vision-ethiopia-chilga-amhara-full-time-fdd64f0c1fac77a5","[]","job","{""lat"":{""N"":""12.549473""},""lon"":{""N"":""37.0639876""}}","city","World Vision Ethiopia","N/A","",false,"N/A","openai_web_search+google_geocode","https://hagerejobs.com/ethiopia-job/","","Amhara","Full-time","[{""S"":""World Vision Ethiopia""},{""S"":""Sponsorship Officer""},{""S"":""Full-time""},{""S"":""Chilga""},{""S"":""Ethiopia""}]","Sponsorship Officer","job","2025-12-19T17:51:23.368705+00:00","https://hagerejobs.com/ethiopia-job/"
"1780 Florida Avenue NW","","Washington","202-265-5764","USA","","","Keren Restaurant 1780 Florida Avenue NW, Washington, DC 20009 202-265 5764","{""formatted_address"":{""S"":""1780 Florida Ave NW, Washington, DC 20009, USA""},""location_type"":{""S"":""ROOFTOP""},""granularity"":{""S"":""street""},""geocoded_from"":{""S"":""1780 Florida Avenue NW, Washington, DC, USA""}}","keren-restaurant-washington-dc-ethiopian-73534c2b07abf6f4","[]","place","{""lat"":{""N"":""38.9167831""},""lon"":{""N"":""-77.0412731""}}","street","Keren Restaurant","N/A","",false,"N/A","openai_web_search+google_geocode","https://oaa.dc.gov/sites/default/files/dc/sites/oaa/page_content/attachments/Africancomp.pdf","","DC","Ethiopian","[{""S"":""Ethiopian restaurant""},{""S"":""Washington DC""}]","Ethiopian Restaurant","restaurant","2025-12-19T01:27:44.477822+00:00","N/A"
"Washington, DC","services","Washington","301-244-8174","USA","","","LAW OFFICES OF MELES & ASSOCIATES
See More info Here","{""formatted_address"":{""S"":""Washington, DC, USA""},""location_type"":{""S"":""APPROXIMATE""}}","law-offices-of-meles-associates-washington-dc-ethiopian-a13c4c7da79cd62d","[]","","{""lat"":{""N"":""38.9071923""},""lon"":{""N"":""-77.0368707""}}","","Law Offices of Meles & Associates","","","","","openai_web_search+google_geocode","https://habeshayellowpages.com/listings/ethiopian-lawyers-near-me/","","DC","Ethiopian","[{""S"":""lawyer""},{""S"":""Ethiopian""}]","","lawyer","2025-12-19T18:02:32.718604+00:00","https://habeshayellowpages.com/listings/ethiopian-lawyers-near-me/"
"Kassanchis Road behind Bekelesh Kitfo Bete","restaurants","Addis Ababa","+251 11 618 2816","Ethiopia","","","Yohannes Kitfo Bet is a traditional Ethiopian restaurant located in Addis Ababa, known for its specialty dish, Kitfo.","{""formatted_address"":{""S"":""Kazanchis, Addis Ababa, Ethiopia""},""location_type"":{""S"":""APPROXIMATE""}}","yohannes-kitfo-bet-addis-ababa-addis-ababa-ethiopian-c3a3095ff38dec8c","[]","","{""lat"":{""N"":""9.0165737""},""lon"":{""N"":""38.7760791""}}","","Yohannes Kitfo Bet","","","","","openai_web_search+google_geocode","https://www.icwe-secretariat.com/files/eLA15/Restaurants_and_social_events.pdf","","Addis Ababa","Ethiopian","[{""S"":""Ethiopian""},{""S"":""Addis Ababa""}]","","restaurant","2025-12-19T17:55:05.064668+00:00","https://www.yohanneskitfobet.com"
"Washington, DC","services","Washington","Not provided","USA","","","""Fayad & Associates"" listed under Ethiopian Lawyers Near Me.","{""formatted_address"":{""S"":""Washington, DC, USA""},""location_type"":{""S"":""APPROXIMATE""}}","fayad-associates-washington-dc-lawyer-7f06d31b74ef6fef","[]","","{""lat"":{""N"":""38.9071923""},""lon"":{""N"":""-77.0368707""}}","","Fayad & Associates","","","","","openai_web_search+google_geocode","https://habeshayellowpages.com/listings/ethiopian-lawyers-near-me/","","DC","lawyer","[{""S"":""lawyer""},{""S"":""Ethiopian""}]","","business","2025-12-19T18:03:39.398315+00:00","https://habeshayellowpages.com/listings/ethiopian-lawyers-near-me/"
"5904 S. Cooper St.","restaurants","Arlington","(817) 555-3456","United States","","","Smoke'N Ash BBQ is a barbecue restaurant in Arlington, Texas.","{""formatted_address"":{""S"":""5904 S Cooper St, Arlington, TX 76017, USA""},""location_type"":{""S"":""ROOFTOP""}}","smoke-n-ash-bbq-arlington-texas-ethiopian-b8a3b9b6e86bd5d7","[]","","{""lat"":{""N"":""32.651306""},""lon"":{""N"":""-97.1358535""}}","","Smoke'N Ash BBQ","","","","","openai_web_search+google_geocode","https://en.wikipedia.org/wiki/Smoke%27N_Ash_BBQ","","Texas","Ethiopian","[{""S"":""Ethiopian""},{""S"":""Barbecue""}]","","restaurant","2025-12-19T17:55:28.634326+00:00","https://smokenashbbq.net"
"3506 International Drive Northwest","events","Washington","202-364-1200","United States","","","The International Club of DC and event sponsors, Bruce McBarnette and the Ivy Social Club with the cooperation of the Embassy of Ethiopia, cordially requests the pleasure of your company for a very special evening at the","{""formatted_address"":{""S"":""3506 International Dr NW, Washington, DC 20008, USA""},""location_type"":{""S"":""ROOFTOP""}}","embassy-of-ethiopia-evening-of-ethiopian-culture-cuisine-music-and-dance-washington-district-of-columbia-cultural-f5f8a6b7c4a53eb4","[]","","{""lat"":{""N"":""38.9412212""},""lon"":{""N"":""-77.06685519999999""}}","","Embassy of Ethiopia Evening of Ethiopian Culture, Cuisine, Music, and Dance","","","","","openai_web_search+google_geocode","https://www.simpletix.com/e/embassy-of-ethiopia-evening-of-ethiopian-c-tickets-223856","","District of Columbia","cultural","[{""S"":""Ethiopian""},{""S"":""cultural event""},{""S"":""Washington DC""}]","","event","2025-12-19T17:59:16.689594+00:00","https://www.simpletix.com/e/embassy-of-ethiopia-evening-of-ethiopian-c-tickets-223856"
"","rentals","","","","2025-12-23T20:27:17.763351+00:00","","","","92be4bde-68ab-4881-b363-dbf16b53757f","","","","","Test Listing","","",false,"","","","","","","","","","2025-12-23T20:27:17.763351+00:00",""
"46 Whitney Avenue","restaurants","New Haven","(203) 555-6789","USA","","","Habesha Ethiopian Restaurant opened on Whitney Avenue, bringing a second Ethiopian restaurant to downtown New Haven.","{""formatted_address"":{""S"":""46 Whitney Ave, New Haven, CT 06510, USA""},""location_type"":{""S"":""ROOFTOP""}}","habesha-ethiopian-restaurant-new-haven-ct-ethiopian-93742e8701895539","[]","","{""lat"":{""N"":""41.3118911""},""lon"":{""N"":""-72.9224645""}}","","Habesha Ethiopian Restaurant","","","","","openai_web_search+google_geocode","https://www.nhregister.com/news/article/habesha-ethiopian-restaurant-new-haven-19854422.php","","CT","Ethiopian","[{""S"":""Ethiopian""},{""S"":""Habesha""}]","","restaurant","2025-12-19T17:55:49.828913+00:00","https://habesha-restaurant.com/"
"5210 Rainier Ave S","restaurants","Seattle","(206) 723-2000","USA","","","Habesha Cafe of Hillman City. We are Seattle’s go-to spot for delicious Eritrean & Ethiopian food, a warm community spirit, and a family-friendly environment where all are welcome.","{""formatted_address"":{""S"":""5210 Rainier Ave S, Seattle, WA 98118, USA""},""location_type"":{""S"":""RANGE_INTERPOLATED""}}","habesha-cafe-seattle-wa-ethiopian-d14d2eeac56349db","[]","","{""lat"":{""N"":""47.5557707""},""lon"":{""N"":""-122.2829435""}}","","Habesha Cafe","","","","","openai_web_search+google_geocode","https://habesha.cafe/","","WA","Ethiopian","[{""S"":""Ethiopian""},{""S"":""Eritrean""},{""S"":""Seattle""}]","","restaurant","2025-12-19T17:55:03.722238+00:00","https://habesha.cafe/"
"Alexandria, Virginia","rentals","Alexandria","15712767956","USA","","","Experience a home that embraces Ethiopian culture and community! This spacious and welcoming rental is perfect for families or individuals seeking a comfortable, culturally inspired living space in the DMV area.","{""formatted_address"":{""S"":""Alexandria, VA, USA""},""location_type"":{""S"":""APPROXIMATE""},""granularity"":{""S"":""city""},""geocoded_from"":{""S"":""Alexandria, VA, USA""}}","ethiopian-habesha-house-for-rent-in-the-dmv-area-alexandria-va-house-fae378890f466616","[]","rental","{""lat"":{""N"":""38.804693""},""lon"":{""N"":""-77.0435257""}}","street","Ethiopian Habesha House for Rent in the DMV Area","63,291 Br / month","",false,"","openai_web_search+google_geocode","https://shegahome.com/properties/ethiopian-habesha-house-for-rent-in-the-dmv-area-washington-dc-maryland-virginia","","VA","house","[{""S"":""Ethiopian""},{""S"":""Habesha""},{""S"":""house for rent""},{""S"":""DMV area""},{""S"":""Alexandria VA""}]","Ethiopian Habesha House for Rent in the DMV Area","house","2025-12-19T17:53:35.538337+00:00","https://shegahome.com/properties/ethiopian-habesha-house-for-rent-in-the-dmv-area-washington-dc-maryland-virginia"
"","rentals","","","","","","Addis Market: Your Premier Online Marketplace in Addis Ababa","{""formatted_address"":{""S"":""""},""location_type"":{""S"":""""},""granularity"":{""S"":""remote""}}","addis-market-habesha-online-marketplace-unknown-unknown-marketplace-511052c1362b0c79","[]","rental","","remote","Addis Market Habesha Online Marketplace","","",true,"","openai_web_search+google_geocode","https://habeshalink.com/listings/addis-market-habesha-online-marketplace/","","","marketplace","[{""S"":""Addis Market""},{""S"":""Habesha""},{""S"":""online marketplace""},{""S"":""Addis Ababa""},{""S"":""Ethiopian community""}]","Addis Market Habesha Online Marketplace","marketplace","2025-12-19T17:53:35.600966+00:00","https://habeshalink.com/listings/addis-market-habesha-online-marketplace/"
"2000 Habesha Cultural Restaurant","events","Addis Ababa","+251 11 123 4567","Ethiopia","","","This is 3 to 5 hours traditional Ethiopian dinner event at one of the best traditional Ethiopian cultural restaurants in Addis Ababa.","{""formatted_address"":{""S"":""Namibia St, Addis Ababa, Ethiopia""},""location_type"":{""S"":""GEOMETRIC_CENTER""}}","ethiopian-cultural-dinner-in-addis-ababa-with-live-traditional-dance-show-addis-ababa-addis-ababa-cultural-b861687ac9a9a835","[]","","{""lat"":{""N"":""9.0013808""},""lon"":{""N"":""38.7815004""}}","","Ethiopian Cultural Dinner in Addis Ababa with LIVE Traditional Dance Show","","","","","openai_web_search+google_geocode","https://www.discovercity.com/tour/10131P4-ethiopian-cultural-dinner-in-addis-ababa-with-live-traditional-dance","","Addis Ababa","cultural","[{""S"":""Ethiopian""},{""S"":""cultural event""},{""S"":""Addis Ababa""}]","","event","2025-12-19T17:59:16.814183+00:00","https://www.discovercity.com/tour/10131P4-ethiopian-cultural-dinner-in-addis-ababa-with-live-traditional-dance"
"2000 Habesha Cultural Ethiopian Restaurant, Addis Ababa, Ethiopia","events","Addis Ababa","","Ethiopia","","","Traditional Ethiopian dinner event at 2000 Habesha Cultural Ethiopian Restaurant in Addis Ababa.","{""formatted_address"":{""S"":""Namibia St, Addis Ababa, Ethiopia""},""location_type"":{""S"":""GEOMETRIC_CENTER""}}","ethiopian-cultural-dinner-with-live-traditional-dance-show-addis-ababa-addis-ababa-cultural-5763f77bc52e60c3","[]","","{""lat"":{""N"":""9.0013808""},""lon"":{""N"":""38.7815004""}}","","Ethiopian Cultural Dinner with Live Traditional Dance Show","","","","","openai_web_search+google_geocode","https://www.aaa.com/tripcanvas/thing-to-do/ethiopian-cultural-dinner-in-addis-ababa-with-live-traditional-dance-show-10131P4","","Addis Ababa","cultural","[{""S"":""Ethiopian cultural dinner""},{""S"":""traditional dance show""},{""S"":""Addis Ababa""}]","","event","2025-12-19T17:59:09.821372+00:00","https://www.aaa.com/tripcanvas/thing-to-do/ethiopian-cultural-dinner-in-addis-ababa-with-live-traditional-dance-show-10131P4"
"Los Angeles, CA","events","Los Angeles","N/A","USA","","","An event where East African culture, community, and music collide is rewriting the Ethiopian-Eritrean diaspora story in Los Angeles.","{""formatted_address"":{""S"":""Los Angeles, CA, USA""},""location_type"":{""S"":""APPROXIMATE""}}","motherland-sounds-los-angeles-ca-concert-1e8934cd174097dc","[]","","{""lat"":{""N"":""34.0549076""},""lon"":{""N"":""-118.242643""}}","","Motherland Sounds","","","","","openai_web_search+google_geocode","https://www.okayafrica.com/motherland-sounds-ethiopia-eritrea-music/","","CA","concert","[{""S"":""Ethiopian""},{""S"":""Eritrean""},{""S"":""Habesha""},{""S"":""concert""},{""S"":""cultural event""},{""S"":""party""}]","","event","2025-12-19T17:59:45.101803+00:00","https://www.okayafrica.com/motherland-sounds-ethiopia-eritrea-music/"
"Bonga City Office, Ethiopia","jobs","Bonga","N/A","Ethiopia","","","Ethiopia Job Deadline: 09/12/2025

Human Rights Officer, Monitoring and Investigation

Full time

Company: Ethiopian Human Rights Commission (EHRC)

Location: Bonga City Office, Ethiopia","{""formatted_address"":{""S"":""Bonga, Ethiopia""},""location_type"":{""S"":""APPROXIMATE""},""granularity"":{""S"":""city""},""geocoded_from"":{""S"":""Bonga, Southern Nations, Nationalities, and Peoples' Region, Ethiopia""}}","ethiopian-human-rights-commission-ehrc-bonga-southern-nations-nationalities-and-peoples-region-full-time-50e2ad9bff02ad61","[]","job","{""lat"":{""N"":""7.2671901""},""lon"":{""N"":""36.2468128""}}","city","Ethiopian Human Rights Commission (EHRC)","N/A","",false,"N/A","openai_web_search+google_geocode","https://hagerejobs.com/ethiopia-job/","","Southern Nations, Nationalities, and Peoples' Region","Full-time","[{""S"":""EHRC""},{""S"":""Human Rights Officer""},{""S"":""Full-time""},{""S"":""Bonga""},{""S"":""Ethiopia""}]","Human Rights Officer, Monitoring and Investigation","job","2025-12-19T17:51:23.933380+00:00","https://hagerejobs.com/ethiopia-job/"
"","rentals","","","","2025-12-24T19:11:55.411716+00:00","","","","85c8bdb3-1274-4f04-a970-4cf445655aa9","","","","","we hook test","","homeSponsored",false,"","","","1767211942","","","","","","2025-12-24T20:12:22.984172+00:00",""
"","rentals","","","","2025-12-24T19:33:30.096026+00:00","","","","7072560e-8b99-490b-b274-2b45bf35bc81","","","","","loging","","",false,"","","","","","","","","","2025-12-24T19:33:30.096026+00:00",""
"Washington, DC","services","Washington","Not provided","USA","","","""Law Office of Thomas Hailu"" listed under Ethiopian Lawyers Near Me.","{""formatted_address"":{""S"":""Washington, DC, USA""},""location_type"":{""S"":""APPROXIMATE""}}","law-office-of-thomas-hailu-washington-dc-lawyer-5beecd510274c73a","[]","","{""lat"":{""N"":""38.9071923""},""lon"":{""N"":""-77.0368707""}}","","Law Office of Thomas Hailu","","","","","openai_web_search+google_geocode","https://habeshayellowpages.com/listings/ethiopian-lawyers-near-me/","","DC","lawyer","[{""S"":""lawyer""},{""S"":""Ethiopian""}]","","business","2025-12-19T18:03:38.963098+00:00","https://habeshayellowpages.com/listings/ethiopian-lawyers-near-me/"
"16860 Lorain Avenue","restaurants","Cleveland","(216) 400-6539","United States","","","Habesha Restaurant offers Ethiopian and Eritrean cuisine in Cleveland, Ohio.","{""formatted_address"":{""S"":""16860 Lorain Ave, Cleveland, OH 44111, USA""},""location_type"":{""S"":""ROOFTOP""}}","habesha-restaurant-cleveland-ohio-ethiopian-064110c621b2891a","[]","","{""lat"":{""N"":""41.4507214""},""lon"":{""N"":""-81.81507069999999""}}","","Habesha Restaurant","","","","","openai_web_search+google_geocode","https://www.tripadvisor.com/Restaurant_Review-g50207-d23575104-Reviews-Habesha_Ethiopian_and_Eritrean_Restaurant-Cleveland_Ohio.html","","Ohio","Ethiopian","[{""S"":""Ethiopian""},{""S"":""Eritrean""}]","","restaurant","2025-12-19T17:55:28.273012+00:00","https://habesha-restaurant.com"
"16860 Lorain Avenue","restaurants","Cleveland","","USA","","","Habesha Restaurant, which will feature Ethiopian and Eritrean cuisine, will open in the space formerly occupied by Gyro World at 16860 Lorain Avenue.","{""formatted_address"":{""S"":""16860 Lorain Ave, Cleveland, OH 44111, USA""},""location_type"":{""S"":""ROOFTOP""}}","habesha-restaurant-cleveland-oh-ethiopian-98efdea5a942b8ce","[]","","{""lat"":{""N"":""41.4507214""},""lon"":{""N"":""-81.81507069999999""}}","","Habesha Restaurant","","","","","openai_web_search+google_geocode","https://westparkkamms.org/small-business-spotlight/habesha-restaurant-offers-west-park-ethiopian-and-eritrean-cuisine/","","OH","Ethiopian","[{""S"":""Ethiopian""},{""S"":""Eritrean""},{""S"":""Restaurant""},{""S"":""Cleveland""}]","","restaurant","2025-12-19T17:55:11.806877+00:00",""
"Washington, DC","services","Washington","301-244-8174","USA","","","LAW OFFICE OF ALAN GUDETA
See More info Here","{""formatted_address"":{""S"":""Washington, DC, USA""},""location_type"":{""S"":""APPROXIMATE""}}","law-office-of-alan-gudeta-washington-dc-ethiopian-33a2989c1f9c9b95","[]","","{""lat"":{""N"":""38.9071923""},""lon"":{""N"":""-77.0368707""}}","","Law Office of Alan Gudeta","","","","","openai_web_search+google_geocode","https://habeshayellowpages.com/listings/ethiopian-lawyers-near-me/","","DC","Ethiopian","[{""S"":""lawyer""},{""S"":""Ethiopian""}]","","lawyer","2025-12-19T18:02:33.228986+00:00","https://habeshayellowpages.com/listings/ethiopian-lawyers-near-me/"
"245 Eleventh Avenue","restaurants","New York City","(212) 555-1234","United States","","","Hav & Mar is a restaurant in Chelsea, New York City opened by Marcus Samuelsson.","{""formatted_address"":{""S"":""245 11th Ave, New York, NY 10001, USA""},""location_type"":{""S"":""ROOFTOP""}}","hav-mar-new-york-city-new-york-ethiopian-652a06faa8b36760","[]","","{""lat"":{""N"":""40.7450991""},""lon"":{""N"":""-74.0080411""}}","","Hav & Mar","","","","","openai_web_search+google_geocode","https://en.wikipedia.org/wiki/Hav_%26_Mar","","New York","Ethiopian","[{""S"":""Ethiopian""},{""S"":""Seafood""}]","","restaurant","2025-12-19T17:55:27.673855+00:00","https://www.havandmar.com"
"Washington, DC","services","Washington","301-244-8174","USA","","","LAW OFFICE OF BERHAN DARGAY
See More info Here","{""formatted_address"":{""S"":""Washington, DC, USA""},""location_type"":{""S"":""APPROXIMATE""}}","law-office-of-berhan-dargay-washington-dc-ethiopian-aa7a7a7f803cd695","[]","","{""lat"":{""N"":""38.9071923""},""lon"":{""N"":""-77.0368707""}}","","Law Office of Berhan Dargay","","","","","openai_web_search+google_geocode","https://habeshayellowpages.com/listings/ethiopian-lawyers-near-me/","","DC","Ethiopian","[{""S"":""lawyer""},{""S"":""Ethiopian""}]","","lawyer","2025-12-19T18:02:33.090733+00:00","https://habeshayellowpages.com/listings/ethiopian-lawyers-near-me/"
"617 S Pickett St, Alexandria, VA, USA","events","Alexandria","","USA","","","Ethiopian, Eritrean, and Habesha Holiday Market in Alexandria, VA.","{""formatted_address"":{""S"":""617 S Pickett St, Alexandria, VA 22304, USA""},""location_type"":{""S"":""ROOFTOP""}}","ethiopian-eritrean-habesha-holiday-market-alexandria-va-cultural-1ca563e2f33b2b6b","[]","","{""lat"":{""N"":""38.8062671""},""lon"":{""N"":""-77.1317024""}}","","Ethiopian | Eritrean | Habesha Holiday Market","","","","","openai_web_search+google_geocode","https://www.eventbrite.com/e/ethiopian-eritrean-habesha-holiday-market-tickets-1977103607111","","VA","cultural","[{""S"":""Ethiopian market""},{""S"":""Eritrean market""},{""S"":""Habesha market""},{""S"":""Alexandria VA""}]","","event","2025-12-19T17:59:10.375848+00:00",""
"512B S Van Dorn St, Alexandria, VA 22304","","Alexandria","703-212-6740","US","","","512B S Van Dorn St, Alexandria, VA 22304","{""formatted_address"":{""S"":""512B S Van Dorn St, Alexandria, VA 22304, USA""},""location_type"":{""S"":""ROOFTOP""}}","zemeda-market-and-restaurant-alexandria-va-ethiopian-fff11f14bba9e984","[]","","{""lat"":{""N"":""38.8058771""},""lon"":{""N"":""-77.1323598""}}","","ZeMeda Market and Restaurant","","","","","openai_web_search+google_geocode","https://www.zemedamarket.com","","VA","ethiopian","[{""S"":""Ethiopian Restaurant""}]","","restaurant","2025-12-18T02:21:41.605998+00:00","https://www.zemedamarket.com"
"516A S Van Dorn St, Alexandria, VA 22304","","Alexandria","571-312-7606","US","","","516A S Van Dorn St, Alexandria, VA 22304","{""formatted_address"":{""S"":""516A S Van Dorn St, Alexandria, VA 22304, USA""},""location_type"":{""S"":""ROOFTOP""}}","makeda-ethiopian-restaurant-alexandria-va-ethiopian-391eb06d41cea32e","[]","","{""lat"":{""N"":""38.8057633""},""lon"":{""N"":""-77.13280139999999""}}","","Makeda Ethiopian Restaurant","","","","","openai_web_search+google_geocode","https://makedarestaurant-va.com","","VA","ethiopian","[{""S"":""Ethiopian Restaurant""}]","","restaurant","2025-12-18T02:21:41.471313+00:00","https://makedarestaurant-va.com"
"","rentals","","","","2025-12-23T20:29:37.292710+00:00","","","","12c0d310-28c5-4960-b44b-2fb700fe452d","","","","","Test Listing 2","","",false,"","","","","","","","","","2025-12-23T20:29:37.292710+00:00",""
"16860 Lorain Avenue","restaurants","Cleveland","(216) 400-6539","USA","","","Habesha Ethiopian and Eritrean Restaurant in Cleveland, OH is a welcoming establishment that celebrates the unity and cultural richness of the Ethiopian and Eritrean communities.","{""formatted_address"":{""S"":""16860 Lorain Ave, Cleveland, OH 44111, USA""},""location_type"":{""S"":""ROOFTOP""}}","habesha-restaurant-cleveland-oh-ethiopian-519669a63a0e519c","[]","","{""lat"":{""N"":""41.4507214""},""lon"":{""N"":""-81.81507069999999""}}","","Habesha Restaurant","","","","","openai_web_search+google_geocode","https://www.mapquest.com/us/ohio/habesha-ethiopian-and-eritrean-restaurant-428756585","","OH","Ethiopian","[{""S"":""Ethiopian""},{""S"":""Eritrean""},{""S"":""Cleveland""}]","","restaurant","2025-12-19T17:56:34.936724+00:00","https://habeshacle.com"
"Washington, DC","services","Washington","301-244-8174","USA","","","LAW OFFICE OF TEMESGEN TEKKA
See More info Here","{""formatted_address"":{""S"":""Washington, DC, USA""},""location_type"":{""S"":""APPROXIMATE""}}","law-office-of-temesgen-tekka-washington-dc-ethiopian-71523c7b1c932377","[]","","{""lat"":{""N"":""38.9071923""},""lon"":{""N"":""-77.0368707""}}","","Law Office of Temesgen Tekka","","","","","openai_web_search+google_geocode","https://habeshayellowpages.com/listings/ethiopian-lawyers-near-me/","","DC","Ethiopian","[{""S"":""lawyer""},{""S"":""Ethiopian""}]","","lawyer","2025-12-19T18:02:33.300222+00:00","https://habeshayellowpages.com/listings/ethiopian-lawyers-near-me/"
"8209 Fenton St. Suite# 02","services","Silver Spring","301-244-8174","USA","","","""8209 Fenton St. Suite# 02 Silver Spring, MD 20903"" listed under Ethiopian Travel Agency in DC.","{""formatted_address"":{""S"":""8209 Fenton St suite# 02, Silver Spring, MD 20910, USA""},""location_type"":{""S"":""ROOFTOP""}}","mefthe-travel-and-tours-silver-spring-md-travel-agency-3a3218ef840dd208","[]","","{""lat"":{""N"":""38.9919644""},""lon"":{""N"":""-77.0238363""}}","","Mefthe Travel and Tours","","","","","openai_web_search+google_geocode","https://habeshayellowpages.com/listings/ethiopian-travel-agency-in-dc/","","MD","travel agency","[{""S"":""travel agency""},{""S"":""Ethiopian""}]","","business","2025-12-19T18:03:39.796855+00:00","https://habeshayellowpages.com/listings/ethiopian-travel-agency-in-dc/"
"","rentals","","","","2025-12-24T19:17:26.963518+00:00","","","","72ef592d-daee-4712-92c5-e906621a5683","","","","","checking the logs","","homeSponsored",false,"","","","1767212263","","","","","","2025-12-24T20:17:43.599408+00:00",""
"Washington, DC","services","Washington","Not provided","USA","","","""Law Office of Temesgen Tekka"" listed under Ethiopian Lawyers Near Me.","{""formatted_address"":{""S"":""Washington, DC, USA""},""location_type"":{""S"":""APPROXIMATE""}}","law-office-of-temesgen-tekka-washington-dc-lawyer-4d148127ef8191c1","[]","","{""lat"":{""N"":""38.9071923""},""lon"":{""N"":""-77.0368707""}}","","Law Office of Temesgen Tekka","","","","","openai_web_search+google_geocode","https://habeshayellowpages.com/listings/ethiopian-lawyers-near-me/","","DC","lawyer","[{""S"":""lawyer""},{""S"":""Ethiopian""}]","","business","2025-12-19T18:03:39.322900+00:00","https://habeshayellowpages.com/listings/ethiopian-lawyers-near-me/"
"Washington, DC","services","Washington","Not provided","USA","","","""Law Office of Sahlu Mikael"" listed under Ethiopian Lawyers Near Me.","{""formatted_address"":{""S"":""Washington, DC, USA""},""location_type"":{""S"":""APPROXIMATE""}}","law-office-of-sahlu-mikael-washington-dc-lawyer-802560cb052e2b69","[]","","{""lat"":{""N"":""38.9071923""},""lon"":{""N"":""-77.0368707""}}","","Law Office of Sahlu Mikael","","","","","openai_web_search+google_geocode","https://habeshayellowpages.com/listings/ethiopian-lawyers-near-me/","","DC","lawyer","[{""S"":""lawyer""},{""S"":""Ethiopian""}]","","business","2025-12-19T18:03:38.673609+00:00","https://habeshayellowpages.com/listings/ethiopian-lawyers-near-me/"
"46 Whitney Avenue","restaurants","New Haven","","United States","","","Solomon Fiseha and Tigist Desalegn have owned and run restaurants serving the colorful and piquant flavors of their native Ethiopia in their home country, in Dubai and elsewhere in Connecticut, but now the husband-and-wi","{""formatted_address"":{""S"":""46 Whitney Ave, New Haven, CT 06510, USA""},""location_type"":{""S"":""ROOFTOP""}}","habesha-ethiopian-restaurant-new-haven-connecticut-ethiopian-65f13c914b09cd25","[]","","{""lat"":{""N"":""41.3118911""},""lon"":{""N"":""-72.9224645""}}","","Habesha Ethiopian Restaurant","","","","","openai_web_search+google_geocode","https://www.thehour.com/news/article/habesha-ethiopian-restaurant-new-haven-19854422.php","","Connecticut","Ethiopian","[{""S"":""Ethiopian""},{""S"":""Restaurant""}]","","restaurant","2025-12-19T17:55:45.749972+00:00",""
"Washington, DC","services","Washington","301-244-8174","USA","","","Law Office Of Thomas Hailu
See More info Here","{""formatted_address"":{""S"":""Washington, DC, USA""},""location_type"":{""S"":""APPROXIMATE""}}","law-office-of-thomas-hailu-washington-dc-ethiopian-dcf64e4e9f79d40b","[]","","{""lat"":{""N"":""38.9071923""},""lon"":{""N"":""-77.0368707""}}","","Law Office of Thomas Hailu","","","","","openai_web_search+google_geocode","https://habeshayellowpages.com/listings/ethiopian-lawyers-near-me/","","DC","Ethiopian","[{""S"":""lawyer""},{""S"":""Ethiopian""}]","","lawyer","2025-12-19T18:02:32.952302+00:00","https://habeshayellowpages.com/listings/ethiopian-lawyers-near-me/"
"","rentals","","","","2025-12-23T21:54:36.226304+00:00","","","","1618158b-4cdb-4594-91e9-7934293fed94","","","","","aaa000111","","",false,"","","","","","","","","","2025-12-23T21:54:36.226304+00:00",""
"Addis Ababa, Ethiopia","jobs","Addis Ababa","N/A","Ethiopia","","","Country Representative Ethiopia

Netherlands Red Cross

Location: Addis Ababa, Ethiopia","{""formatted_address"":{""S"":""Addis Ababa, Ethiopia""},""location_type"":{""S"":""APPROXIMATE""},""granularity"":{""S"":""city""},""geocoded_from"":{""S"":""Addis Ababa, Addis Ababa, Ethiopia""}}","netherlands-red-cross-addis-ababa-addis-ababa-full-time-c94fd4baa94f882b","[]","job","{""lat"":{""N"":""9.0191936""},""lon"":{""N"":""38.7524635""}}","city","Netherlands Red Cross","N/A","",false,"N/A","openai_web_search+google_geocode","https://www.alljobspo.com/ethiopia-jobs/job-details/288854","","Addis Ababa","Full-time","[{""S"":""Netherlands Red Cross""},{""S"":""Country Representative""},{""S"":""Addis Ababa""},{""S"":""Ethiopia""}]","Country Representative Ethiopia","job","2025-12-19T17:51:24.487761+00:00","https://www.alljobspo.com/ethiopia-jobs/job-details/288854"
"2413 Northeast Martin Luther King Jr. Boulevard","restaurants","Portland","(503) 287-2000","USA","","","Queen of Sheba is an Ethiopian restaurant in Portland, Oregon.","{""formatted_address"":{""S"":""2413 NE Martin Luther King Jr Blvd, Portland, OR 97212, USA""},""location_type"":{""S"":""ROOFTOP""}}","queen-of-sheba-portland-or-ethiopian-7bd8c4897fb0d2f0","[]","","{""lat"":{""N"":""45.54026469999999""},""lon"":{""N"":""-122.6618327""}}","","Queen of Sheba","","","","","openai_web_search+google_geocode","http://queenofsheba.biz/","","OR","Ethiopian","[{""S"":""Ethiopian""},{""S"":""Portland""}]","","restaurant","2025-12-19T17:55:19.579805+00:00","http://queenofsheba.biz/"
"","rentals","","","","2025-12-23T23:29:36.001001+00:00","","","","f272758d-8a2f-4f31-b046-d6a7b66e2bad","","","","","rent3","","",false,"","","","","","","","","","2025-12-23T23:29:36.001001+00:00",""
"","rentals","","","","2025-12-23T22:11:41.988738+00:00","","","","1bb48d8b-a8d2-4c0a-817e-be37824aae6f","","","","","condo for rent","","",false,"","","","","","","","","","2025-12-23T22:11:41.988738+00:00",""
"1415 14th Street NW","","Washington","202-265-5700","USA","","","Lalibela Restaurant 1415 14th Street NW, Washington, DC 20005 202-265-5700","{""formatted_address"":{""S"":""1415 14th St NW, Washington, DC 20005, USA""},""location_type"":{""S"":""ROOFTOP""},""granularity"":{""S"":""street""},""geocoded_from"":{""S"":""1415 14th Street NW, Washington, DC, USA""}}","lalibela-restaurant-washington-dc-ethiopian-d74391be9c90c358","[]","place","{""lat"":{""N"":""38.9094972""},""lon"":{""N"":""-77.0317039""}}","street","Lalibela Restaurant","N/A","",false,"N/A","openai_web_search+google_geocode","https://oaa.dc.gov/sites/default/files/dc/sites/oaa/page_content/attachments/Africancomp.pdf","","DC","Ethiopian","[{""S"":""Ethiopian restaurant""},{""S"":""Washington DC""}]","Ethiopian Restaurant","restaurant","2025-12-19T01:27:44.894548+00:00","N/A"
"Alexandria, VA","rentals","","2143179559","","2025-12-25T13:30:21.364766+00:00","","","","1532e6d3-677f-4b97-95c2-de38384dc664","","","","","Room mate needed","","",false,"","","","","","","","","","2025-12-25T13:30:21.364766+00:00",""
"Louis A. Simpson International Building, Princeton University, Princeton, NJ, USA","events","Princeton","","USA","","","Ethiopian and Eritrean New Years Celebration at Princeton University.","{""formatted_address"":{""S"":""Princeton, NJ 08540, USA""},""location_type"":{""S"":""GEOMETRIC_CENTER""}}","ethiopian-and-eritrean-new-years-celebration-princeton-nj-cultural-dad368a538d74da3","[]","","{""lat"":{""N"":""40.3492621""},""lon"":{""N"":""-74.65494360000001""}}","","Ethiopian and Eritrean New Years Celebration","","","","","openai_web_search+google_geocode","https://www.princeton.edu/events/2023/ethiopian-and-eritrean-new-years-celebration","","NJ","cultural","[{""S"":""Ethiopian New Year""},{""S"":""Eritrean New Year""},{""S"":""Princeton University""},{""S"":""New Jersey""}]","","event","2025-12-19T17:59:10.232426+00:00",""
"Kebele 03/05, Just off Namibia Street, behind Haimi Hotel, House No 064","restaurants","Addis Ababa","+251 11 661 2176","Ethiopia","","","Enya's Mediterranean Kitchen is a cozy Hellenic/Cypriot restaurant located in Bole Medanyalem, Addis Ababa.","{""formatted_address"":{""S"":""XRPG+R2J, Addis Ababa, Ethiopia""},""location_type"":{""S"":""GEOMETRIC_CENTER""}}","enya-s-mediterranean-kitchen-addis-ababa-addis-ababa-ethiopian-7f970cd3e1f14c52","[]","","{""lat"":{""N"":""8.999544""},""lon"":{""N"":""38.7850887""}}","","Enya's Mediterranean Kitchen","","","","","openai_web_search+google_geocode","https://www.icwe-secretariat.com/files/eLA15/Restaurants_and_social_events.pdf","","Addis Ababa","Ethiopian","[{""S"":""Ethiopian""}]","","restaurant","2025-12-19T17:55:29.220208+00:00","https://www.enyasethiopian.com"
"7815 Georgia Avenue NW","","Washington","202-882-1130","USA","","","Nile Restaurant 7815 Georgia Avenue NW, Washington, DC 20012 202-882-1130","{""formatted_address"":{""S"":""7815 Georgia Ave NW, Washington, DC 20012, USA""},""location_type"":{""S"":""ROOFTOP""},""granularity"":{""S"":""street""},""geocoded_from"":{""S"":""7815 Georgia Avenue NW, Washington, DC, USA""}}","nile-restaurant-washington-dc-ethiopian-f87368b08e27c715","[]","place","{""lat"":{""N"":""38.9841651""},""lon"":{""N"":""-77.02637349999999""}}","street","Nile Restaurant","N/A","",false,"N/A","openai_web_search+google_geocode","https://oaa.dc.gov/sites/default/files/dc/sites/oaa/page_content/attachments/Africancomp.pdf","","DC","Ethiopian","[{""S"":""Ethiopian restaurant""},{""S"":""Washington DC""}]","Ethiopian Restaurant","restaurant","2025-12-19T01:27:45.548544+00:00","N/A"
"Goncha, Ethiopia","jobs","Goncha","N/A","Ethiopia","","","Ethiopia Job Deadline: 05/12/2025

WASH in Fragile Place Based Initiative (PBI) Officer

Full time

Company: World Vision Ethiopia

Location: Goncha, Ethiopia

Open Position: N/A

Experience: 7 years of experience for B.","{""formatted_address"":{""S"":""Amhara, Ethiopia""},""location_type"":{""S"":""APPROXIMATE""},""granularity"":{""S"":""city""},""geocoded_from"":{""S"":""Goncha, Amhara, Ethiopia""}}","world-vision-ethiopia-goncha-amhara-full-time-a9835ce7d1cddd2d","[]","job","{""lat"":{""N"":""11.3494247""},""lon"":{""N"":""37.9784585""}}","city","World Vision Ethiopia","N/A","",false,"N/A","openai_web_search+google_geocode","https://hagerejobs.com/ethiopia-job/","","Amhara","Full-time","[{""S"":""World Vision Ethiopia""},{""S"":""WASH Officer""},{""S"":""Full-time""},{""S"":""Goncha""},{""S"":""Ethiopia""}]","WASH in Fragile Place Based Initiative (PBI) Officer","job","2025-12-19T17:51:23.599119+00:00","https://hagerejobs.com/ethiopia-job/"
"Kamm's Corner, Cleveland, OH, USA","jobs","Cleveland","N/A","USA","","","The three co-owners, who all live near West Park, took their first step toward opening the restaurant in 2019, testing their concept at farmers markets in Shaker Heights, Lakewood, Westlake and at the Cleveland Flea.","{""formatted_address"":{""S"":""Kamm's Corners, Cleveland, OH, USA""},""location_type"":{""S"":""APPROXIMATE""},""granularity"":{""S"":""street""},""geocoded_from"":{""S"":""Kamm's Corner, Cleveland, OH, USA, Cleveland, OH, USA""}}","habesha-ethiopian-restaurant-cleveland-oh-ethiopian-76eb43f5d370b2d5","[]","place","{""lat"":{""N"":""41.4501288""},""lon"":{""N"":""-81.8167859""}}","street","Habesha Ethiopian Restaurant","N/A","",false,"N/A","openai_web_search+google_geocode","https://clevelandmagazine.com/food-drink/habesha-ethiopian-restaurant-is-an-immigrant-dream-come-true","","OH","Ethiopian","[{""S"":""Ethiopian restaurant""},{""S"":""Cleveland""},{""S"":""immigrant-owned""}]","Habesha Ethiopian Restaurant","restaurant","2025-12-19T17:51:23.093166+00:00","https://clevelandmagazine.com/food-drink/habesha-ethiopian-restaurant-is-an-immigrant-dream-come-true"
"1503 9th Street NW","","Washington","202-232-7272","USA","","","Queen of Sheba 1503 9th Street NW, Washington, DC 20001 202-232-7272 or 202-232-7788","{""formatted_address"":{""S"":""1503 9th St NW, Washington, DC 20001, USA""},""location_type"":{""S"":""ROOFTOP""},""granularity"":{""S"":""street""},""geocoded_from"":{""S"":""1503 9th Street NW, Washington, DC, USA""}}","queen-of-sheba-washington-dc-ethiopian-8bbdffea27d3091a","[]","place","{""lat"":{""N"":""38.9098853""},""lon"":{""N"":""-77.0236461""}}","street","Queen of Sheba","N/A","",false,"N/A","openai_web_search+google_geocode","https://oaa.dc.gov/sites/default/files/dc/sites/oaa/page_content/attachments/Africancomp.pdf","","DC","Ethiopian","[{""S"":""Ethiopian restaurant""},{""S"":""Washington DC""}]","Ethiopian Restaurant","restaurant","2025-12-19T01:27:45.775367+00:00","N/A"
"1919 9th Street NW","","Washington","202-232-1919","USA","","","Habesha Market & Carry-Out 1919 9th Street NW, Washington, DC 20001 202-232 1919","{""formatted_address"":{""S"":""1919 9th St NW, Washington, DC 20001, USA""},""location_type"":{""S"":""ROOFTOP""},""granularity"":{""S"":""street""},""geocoded_from"":{""S"":""1919 9th Street NW, Washington, DC, USA""}}","habesha-market-carry-out-washington-dc-ethiopian-7c98343dcce07d1e","[]","place","{""lat"":{""N"":""38.91634440000001""},""lon"":{""N"":""-77.02375529999999""}}","street","Habesha Market & Carry-Out","N/A","",false,"N/A","openai_web_search+google_geocode","https://oaa.dc.gov/sites/default/files/dc/sites/oaa/page_content/attachments/Africancomp.pdf","","DC","Ethiopian","[{""S"":""Ethiopian grocery""},{""S"":""Washington DC""}]","Ethiopian Grocery and Takeout","grocery","2025-12-19T01:27:44.097158+00:00","N/A"
"","rentals","","","","","","Mefthe is an Ethiopian and Eritrean community newspaper distribute in the DMV area.","{""formatted_address"":{""S"":""""},""location_type"":{""S"":""""},""granularity"":{""S"":""remote""}}","mefthe-newspaper-online-unknown-unknown-newspaper-f6b62978a42cd63c","[]","rental","","remote","Mefthe Newspaper Online","","",true,"","openai_web_search+google_geocode","https://habeshalink.com/listings/mefthe-newspaper-online-%E1%88%98%E1%8D%8D%E1%89%B5%E1%88%84-%E1%8C%8B%E1%8B%9C%E1%8C%A3/","","","newspaper","[{""S"":""Mefthe Newspaper""},{""S"":""Habesha""},{""S"":""Ethiopian community""},{""S"":""DMV area""},{""S"":""Washington DC""},{""S"":""Maryland""},{""S"":""Virginia""}]","Mefthe Newspaper Online","newspaper","2025-12-19T17:53:35.616722+00:00","https://habeshalink.com/listings/mefthe-newspaper-online-%E1%88%98%E1%8D%8D%E1%89%B5%E1%88%84-%E1%8C%8B%E1%8B%9C%E1%8C%A3/"
"1000 Kildaire Farm Road, Cary, NC 27511","markets","Cary","(919) 377-9999","USA","","","Located at 1000 Kildaire Farm Road, Cary, NC 27511.","{""formatted_address"":{""S"":""1000 Kildaire Farm Rd, Cary, NC 27511, USA""},""location_type"":{""S"":""RANGE_INTERPOLATED""}}","habesha-market-cary-nc-market-32929ae9a4a0d7ee","[]","","{""lat"":{""N"":""35.7713577""},""lon"":{""N"":""-78.78284819999999""}}","","Habesha Market","","","","","openai_web_search+google_geocode","https://www.habeshamarketcary.com/","","NC","market","[{""S"":""Ethiopian""},{""S"":""Eritrean""},{""S"":""Habesha""},{""S"":""grocery""},{""S"":""market""},{""S"":""injera""}]","","grocery","2025-12-19T17:57:59.892272+00:00","https://www.habeshamarketcary.com/"
"16860 Lorain Avenue","restaurants","Cleveland","(216) 400-6539","USA","","","Habesha Restaurant offers Ethiopian and Eritrean cuisine in Cleveland, Ohio.","{""formatted_address"":{""S"":""16860 Lorain Ave, Cleveland, OH 44111, USA""},""location_type"":{""S"":""ROOFTOP""}}","habesha-restaurant-cleveland-oh-ethiopian-ce14c1c491636b38","[]","","{""lat"":{""N"":""41.4507214""},""lon"":{""N"":""-81.81507069999999""}}","","Habesha Restaurant","","","","","openai_web_search+google_geocode","https://ethiopian-food.org/restaurants/habesha-ethiopian-and-eritrean-restaurant/","","OH","Ethiopian","[{""S"":""Ethiopian""},{""S"":""Eritrean""},{""S"":""Habesha""}]","","restaurant","2025-12-19T17:55:49.671480+00:00","https://habesha-restaurant.com/"
"2413 Northeast Martin Luther King Jr. Boulevard","restaurants","Portland","(503) 555-6789","USA","","","Queen of Sheba (also known as Queen of Sheba Int'l Foods) is an Ethiopian restaurant in Portland, Oregon.","{""formatted_address"":{""S"":""2413 NE Martin Luther King Jr Blvd, Portland, OR 97212, USA""},""location_type"":{""S"":""ROOFTOP""}}","queen-of-sheba-portland-or-ethiopian-e0ba3faec22a5669","[]","","{""lat"":{""N"":""45.54026469999999""},""lon"":{""N"":""-122.6618327""}}","","Queen of Sheba","","","","","openai_web_search+google_geocode","https://en.wikipedia.org/wiki/Queen_of_Sheba_%28restaurant%29","","OR","Ethiopian","[{""S"":""Ethiopian""},{""S"":""Portland""}]","","restaurant","2025-12-19T17:55:04.698505+00:00","https://queenofsheba.biz"
"","services","","","","2025-12-25T21:25:37.931103+00:00","","","","60f32e91-9eee-4008-b13a-2a05fb6bc535","","","","","test","","",false,"","","","","","","","","","2025-12-25T21:25:37.931103+00:00",""
"Alexandria, VA","rentals","","2143179559","","2025-12-25T13:45:11.072811+00:00","","","","9c6d38ee-4ea0-40a8-8416-d5cb9c91fd3f","","","","","Room mate needed","","",false,"","","","","","","","","","2025-12-25T13:45:11.072811+00:00",""
"1982 Main Street, Snellville, GA 30078","markets","Snellville","","USA","","","1982 Main Street, Snellville, GA 30078","{""formatted_address"":{""S"":""1982 Main St E, Snellville, GA 30078, USA""},""location_type"":{""S"":""ROOFTOP""}}","s-s-habesha-market-snellville-ga-market-163b7b98d5584e06","[]","","{""lat"":{""N"":""33.8555991""},""lon"":{""N"":""-83.9955217""}}","","S&S Habesha Market","","","","","openai_web_search+google_geocode","https://sshabeshamarket.com/","","GA","market","[{""S"":""Ethiopian""},{""S"":""Eritrean""},{""S"":""Habesha""},{""S"":""grocery""},{""S"":""market""},{""S"":""injera""}]","","grocery","2025-12-19T17:57:54.335486+00:00","https://sshabeshamarket.com/"
"1919 9th Street NW, Washington, DC 20009","markets","Washington","202-232-1919","USA","","","1919 9th Street NW, Washington, DC 20009","{""formatted_address"":{""S"":""1919 9th St NW, Washington, DC 20001, USA""},""location_type"":{""S"":""ROOFTOP""}}","habesha-market-carry-out-washington-dc-market-722f415637281ba3","[]","","{""lat"":{""N"":""38.91634440000001""},""lon"":{""N"":""-77.02375529999999""}}","","Habesha Market & Carry-out","","","","","openai_web_search+google_geocode","https://www.habeshamarket.com","","DC","market","[{""S"":""Ethiopian""},{""S"":""Eritrean""},{""S"":""Habesha""},{""S"":""grocery""},{""S"":""market""},{""S"":""injera""}]","","grocery","2025-12-19T17:57:54.525450+00:00","https://www.habeshamarket.com"
"3415 Main St","restaurants","Kansas City","(816) 756-5111","USA","","","Habesha Restaurant is the most enduring Ethiopian restaurant in the Kansas City, Main Street district. We provide a large variety of vegetarian and non vegetarian entrees for you to enjoy. We even have live Jazz on weeke","{""formatted_address"":{""S"":""3415 Main St, Kansas City, MO 64111, USA""},""location_type"":{""S"":""ROOFTOP""}}","habesha-restaurant-bar-kansas-city-mo-ethiopian-b685e0bf5d3ace4e","[]","","{""lat"":{""N"":""39.0651496""},""lon"":{""N"":""-94.5853526""}}","","Habesha Restaurant & Bar","","","","","openai_web_search+google_geocode","https://www.mapquest.com/us/missouri/habesha-restaurant-bar-ethiopian-eritrean-cuisine-783271925","","MO","Ethiopian","[{""S"":""Ethiopian""},{""S"":""Kansas City""}]","","restaurant","2025-12-19T17:55:04.283313+00:00","https://habesharestaurantkc.com"
"123 Pickett Street, Alexandria, VA 22304","markets","Alexandria","","USA","","","123 Pickett Street, Alexandria, VA 22304","{""formatted_address"":{""S"":""123 S Pickett St, Alexandria, VA 22304, USA""},""location_type"":{""S"":""RANGE_INTERPOLATED""}}","world-food-alexandria-va-market-3a1e41280cd0c67c","[]","","{""lat"":{""N"":""38.8099672""},""lon"":{""N"":""-77.1234642""}}","","World Food","","","","","openai_web_search+google_geocode","https://washingtoncitypaper.com/article/179472/teff-love-a-search-for-the-regions-top-injera-leads-to-an-alexandria-strip-mall/","","VA","market","[{""S"":""Ethiopian""},{""S"":""Eritrean""},{""S"":""Habesha""},{""S"":""grocery""},{""S"":""market""},{""S"":""injera""}]","","grocery","2025-12-19T17:57:54.657089+00:00",""
"3013A Georgia Avenue NW","","Washington","202-450-6391","USA","","","Kokeb Ethiopian Restaurant 3013A Georgia Avenue NW, Washington , DC 20001 202-450-6391","{""formatted_address"":{""S"":""3013a Georgia Ave NW, Washington, DC 20001, USA""},""location_type"":{""S"":""ROOFTOP""},""granularity"":{""S"":""street""},""geocoded_from"":{""S"":""3013A Georgia Avenue NW, Washington, DC, USA""}}","kokeb-ethiopian-restaurant-washington-dc-ethiopian-1e40e00cdf60eb27","[]","place","{""lat"":{""N"":""38.9285939""},""lon"":{""N"":""-77.0230062""}}","street","Kokeb Ethiopian Restaurant","N/A","",false,"N/A","openai_web_search+google_geocode","https://oaa.dc.gov/sites/default/files/dc/sites/oaa/page_content/attachments/Africancomp.pdf","","DC","Ethiopian","[{""S"":""Ethiopian restaurant""},{""S"":""Washington DC""}]","Ethiopian Restaurant","restaurant","2025-12-19T01:27:44.705269+00:00","N/A"
"2940 Northeast Alberta Street","restaurants","Portland","(503) 555-5678","United States","","","Abyssinian Kitchen is an Ethiopian and Eritrean restaurant in Portland, Oregon, United States.","{""formatted_address"":{""S"":""2940 NE Alberta St, Portland, OR 97211, USA""},""location_type"":{""S"":""ROOFTOP""}}","abyssinian-kitchen-portland-oregon-ethiopian-5343afb1652278fa","[]","","{""lat"":{""N"":""45.5588858""},""lon"":{""N"":""-122.6350114""}}","","Abyssinian Kitchen","","","","","openai_web_search+google_geocode","https://en.wikipedia.org/wiki/Abyssinian_Kitchen","","Oregon","Ethiopian","[{""S"":""Ethiopian""},{""S"":""Eritrean""}]","","restaurant","2025-12-19T17:55:27.901441+00:00","https://www.abyssiniankitchen.com"
"","rentals","","","","2025-12-23T23:16:51.330860+00:00","","","","16df460c-16eb-4c81-b4b1-2ccfce0b58e9","","","","","rent5","","",false,"","","","","","","","","","2025-12-23T23:16:51.330860+00:00",""
"16860 Lorain Avenue","restaurants","Cleveland","216-400-6539","United States","","","Habesha Restaurant, which will feature Ethiopian and Eritrean cuisine, will open in the space formerly occupied by Gyro World at 16860 Lorain Avenue.","{""formatted_address"":{""S"":""16860 Lorain Ave, Cleveland, OH 44111, USA""},""location_type"":{""S"":""ROOFTOP""}}","habesha-restaurant-cleveland-ohio-ethiopian-cda4a330f3d02d2b","[]","","{""lat"":{""N"":""41.4507214""},""lon"":{""N"":""-81.81507069999999""}}","","Habesha Restaurant","","","","","openai_web_search+google_geocode","https://westparkkamms.org/small-business-spotlight/habesha-restaurant-offers-west-park-ethiopian-and-eritrean-cuisine/","","Ohio","Ethiopian","[{""S"":""Ethiopian""},{""S"":""Restaurant""}]","","restaurant","2025-12-19T17:55:45.619776+00:00",""
"Washington, DC","services","Washington","Not provided","USA","","","""Aseged Yimer & Associates Law Offices"" listed under Ethiopian Lawyers Near Me.","{""formatted_address"":{""S"":""Washington, DC, USA""},""location_type"":{""S"":""APPROXIMATE""}}","aseged-yimer-associates-law-offices-washington-dc-lawyer-77b93f33cc646062","[]","","{""lat"":{""N"":""38.9071923""},""lon"":{""N"":""-77.0368707""}}","","Aseged Yimer & Associates Law Offices","","","","","openai_web_search+google_geocode","https://habeshayellowpages.com/listings/ethiopian-lawyers-near-me/","","DC","lawyer","[{""S"":""lawyer""},{""S"":""Ethiopian""}]","","business","2025-12-19T18:03:38.884717+00:00","https://habeshayellowpages.com/listings/ethiopian-lawyers-near-me/"
"3415 Main St","restaurants","Kansas City","(816) 756-5111","USA","","","Habesha Restaurant is the most enduring Ethiopian restaurant in the Kansas City, Main Street district.","{""formatted_address"":{""S"":""3415 Main St, Kansas City, MO 64111, USA""},""location_type"":{""S"":""ROOFTOP""}}","habesha-restaurant-kansas-city-mo-ethiopian-cfc12695e134497e","[]","","{""lat"":{""N"":""39.0651496""},""lon"":{""N"":""-94.5853526""}}","","Habesha Restaurant","","","","","openai_web_search+google_geocode","https://habesharestaurantkc.com","","MO","Ethiopian","[{""S"":""Ethiopian""},{""S"":""Kansas City""}]","","restaurant","2025-12-19T17:55:19.970729+00:00","https://habesharestaurantkc.com"
"","rentals","","","","2025-12-24T20:13:19.372179+00:00","","","","bf31059f-862c-435b-a5d7-2634d772365a","","","","","lll","","homeSponsored",false,"","","","1767212012","","","","","","2025-12-24T20:13:32.440230+00:00",""
"Bole, K03/05","restaurants","Addis Ababa","+251 91 283 8383","Ethiopia","","","Address: Bole, K03/05, Addis Ababa, Ethiopia","{""formatted_address"":{""S"":""Bole, Addis Ababa, Ethiopia""},""location_type"":{""S"":""APPROXIMATE""}}","2000-habesha-cultural-restaurant-addis-ababa-addis-ababa-ethiopian-db8f5d45b33b2f75","[]","","{""lat"":{""N"":""8.9831138""},""lon"":{""N"":""38.8100855""}}","","2000 Habesha Cultural Restaurant","","","","","openai_web_search+google_geocode","https://2000habesha.net/","","Addis Ababa","Ethiopian","[{""S"":""Ethiopian""},{""S"":""Eritrean""},{""S"":""Habesha""}]","","restaurant","2025-12-19T17:56:02.746399+00:00","https://2000habesha.net/"
"2940 Northeast Alberta Street","restaurants","Portland","(503) 477-7777","USA","","","Abyssinian Kitchen is an Ethiopian and Eritrean restaurant in Portland, Oregon.","{""formatted_address"":{""S"":""2940 NE Alberta St, Portland, OR 97211, USA""},""location_type"":{""S"":""ROOFTOP""}}","abyssinian-kitchen-portland-or-ethiopian-ee3f473e830391f5","[]","","{""lat"":{""N"":""45.5588858""},""lon"":{""N"":""-122.6350114""}}","","Abyssinian Kitchen","","","","","openai_web_search+google_geocode","https://abyssiniankitchen.com/","","OR","Ethiopian","[{""S"":""Ethiopian""},{""S"":""Eritrean""},{""S"":""Portland""}]","","restaurant","2025-12-19T17:55:19.496913+00:00","https://abyssiniankitchen.com/"
"245 Eleventh Avenue","restaurants","New York","(212) 555-1234","USA","","","Hav & Mar is a restaurant in Chelsea, New York City opened by Marcus Samuelsson. The food is described as 'Swediopian,' a mix of Swedish and Ethiopian primarily serving seafood.","{""formatted_address"":{""S"":""245 11th Ave, New York, NY 10001, USA""},""location_type"":{""S"":""ROOFTOP""}}","hav-mar-new-york-ny-ethiopian-4f0a37fd2a86f2ad","[]","","{""lat"":{""N"":""40.7450991""},""lon"":{""N"":""-74.0080411""}}","","Hav & Mar","","","","","openai_web_search+google_geocode","https://en.wikipedia.org/wiki/Hav_%26_Mar","","NY","Ethiopian","[{""S"":""Ethiopian""},{""S"":""Swediopian""},{""S"":""Seafood""}]","","restaurant","2025-12-19T17:55:49.537972+00:00","https://www.havandmar.com/"
"","rentals","","","","2025-12-23T20:27:07.799629+00:00","","","","6109c20c-f778-4f8b-b772-4f99123bcc56","","","","","Test Listing","","",false,"","","","","","","","","","2025-12-23T20:27:07.799629+00:00",""
"16860 Lorain Avenue","restaurants","Cleveland","(216) 400-6539","USA","","","Habesha Ethiopian and Eritrean Restaurant in Cleveland, OH is a welcoming establishment.","{""formatted_address"":{""S"":""16860 Lorain Ave, Cleveland, OH 44111, USA""},""location_type"":{""S"":""ROOFTOP""}}","habesha-restaurant-cleveland-oh-ethiopian-e31b69d48edf109b","[]","","{""lat"":{""N"":""41.4507214""},""lon"":{""N"":""-81.81507069999999""}}","","Habesha Restaurant","","","","","openai_web_search+google_geocode","https://habeshacle.com","","OH","Ethiopian","[{""S"":""Ethiopian""},{""S"":""Eritrean""},{""S"":""Cleveland""}]","","restaurant","2025-12-19T17:55:19.729874+00:00","https://habeshacle.com"
"","rentals","","","","2025-12-23T23:16:40.128661+00:00","","","","456a34a2-073a-4e3f-8623-842e295fe1dc","","","","","rent5","","",false,"","","","","","","","","","2025-12-23T23:16:40.128661+00:00",""
"Washington, DC","services","Washington","Not provided","USA","","","""Law Offices of Meles & Associates"" listed under Ethiopian Lawyers Near Me.","{""formatted_address"":{""S"":""Washington, DC, USA""},""location_type"":{""S"":""APPROXIMATE""}}","law-offices-of-meles-associates-washington-dc-lawyer-0578b22ada383078","[]","","{""lat"":{""N"":""38.9071923""},""lon"":{""N"":""-77.0368707""}}","","Law Offices of Meles & Associates","","","","","openai_web_search+google_geocode","https://habeshayellowpages.com/listings/ethiopian-lawyers-near-me/","","DC","lawyer","[{""S"":""lawyer""},{""S"":""Ethiopian""}]","","business","2025-12-19T18:03:38.738122+00:00","https://habeshayellowpages.com/listings/ethiopian-lawyers-near-me/"
"878 Valencia St","restaurants","San Francisco","415-285-2728","USA","","","A hidden gem in the heart of San Francisco's Mission District.","{""formatted_address"":{""S"":""878 Valencia St, San Francisco, CA 94110, USA""},""location_type"":{""S"":""ROOFTOP""}}","cafe-ethiopia-san-francisco-ca-ethiopian-5f4d053d6a94cf18","[]","","{""lat"":{""N"":""37.7588712""},""lon"":{""N"":""-122.4216608""}}","","Cafe Ethiopia","","","","","openai_web_search+google_geocode","https://cafe-ethiopia.wa-cafe.com/","","CA","Ethiopian","[{""S"":""Ethiopian""},{""S"":""San Francisco""}]","","restaurant","2025-12-19T17:55:35.975571+00:00","https://cafe-ethiopia.wa-cafe.com/"
"","rentals","","","","2025-12-23T21:11:01.053602+00:00","","","","ccbd442a-6d94-4c8f-bb22-7acf3009aeb3","","","","","rentals","","",false,"","","","","","","","","","2025-12-23T21:11:01.053602+00:00",""
"5145 Duke St, Alexandria, VA 22304","","Alexandria","703-566-3855","US","","","5145 Duke St, Alexandria, VA 22304","{""formatted_address"":{""S"":""5145 Duke St, Alexandria, VA 22304, USA""},""location_type"":{""S"":""ROOFTOP""}}","sora-ethiopian-market-cafe-alexandria-va-ethiopian-717b4d59ad0eb784","[]","","{""lat"":{""N"":""38.8126448""},""lon"":{""N"":""-77.1211455""}}","","Sora Ethiopian Market & Cafe","","","","","openai_web_search+google_geocode","https://ethiopiandining.com/restaurants/sora-ethiopian-market-cafe/","","VA","ethiopian","[{""S"":""Ethiopian Restaurant""}]","","restaurant","2025-12-18T02:21:41.747338+00:00","https://ethiopiandining.com/restaurants/sora-ethiopian-market-cafe/"
"Washington, DC","services","Washington","Not provided","USA","","","""Law Office of Fekade"" listed under Ethiopian Lawyers Near Me.","{""formatted_address"":{""S"":""Washington, DC, USA""},""location_type"":{""S"":""APPROXIMATE""}}","law-office-of-fekade-washington-dc-lawyer-fb315e4bdfb63383","[]","","{""lat"":{""N"":""38.9071923""},""lon"":{""N"":""-77.0368707""}}","","Law Office of Fekade","","","","","openai_web_search+google_geocode","https://habeshayellowpages.com/listings/ethiopian-lawyers-near-me/","","DC","lawyer","[{""S"":""lawyer""},{""S"":""Ethiopian""}]","","business","2025-12-19T18:03:38.548043+00:00","https://habeshayellowpages.com/listings/ethiopian-lawyers-near-me/"
"1982 Main Street, Snellville, GA 30078","markets","Snellville","(770) 674-9999","USA","","","Located at 1982 Main Street Suite H, our store is here to bring a taste of Ethiopia to Georgia.","{""formatted_address"":{""S"":""1982 Main St E, Snellville, GA 30078, USA""},""location_type"":{""S"":""ROOFTOP""}}","s-s-habesha-market-snellville-ga-ethiopian-6767d28c9bbf6b42","[]","","{""lat"":{""N"":""33.8555991""},""lon"":{""N"":""-83.9955217""}}","","S&S Habesha Market","","","","","openai_web_search+google_geocode","https://sshabeshamarket.com/","","GA","Ethiopian","[{""S"":""Ethiopian market""},{""S"":""injera""},{""S"":""coffee""},{""S"":""spices""}]","","market","2025-12-19T17:58:16.918448+00:00","https://sshabeshamarket.com/"
"907 Irving St","restaurants","San Francisco","415-681-1288","USA","","","A vibrant gem in San Francisco where the rich flavors of Eritrean and Ethiopian cuisine come alive!","{""formatted_address"":{""S"":""907 Irving St, San Francisco, CA 94122, USA""},""location_type"":{""S"":""ROOFTOP""}}","new-eritrea-restaurant-san-francisco-ca-ethiopian-07c605677c114f8a","[]","","{""lat"":{""N"":""37.7638181""},""lon"":{""N"":""-122.4676697""}}","","New Eritrea Restaurant","","","","","openai_web_search+google_geocode","https://ethiopian-food.org/restaurants/new-eritrea-restaurant/","","CA","Ethiopian","[{""S"":""Eritrean""},{""S"":""San Francisco""}]","","restaurant","2025-12-19T17:55:35.841438+00:00","https://ethiopian-food.org/restaurants/new-eritrea-restaurant/"
"","rentals","","","","2025-12-24T19:34:55.608518+00:00","","","","81bb622c-2460-4eb7-af6f-931a4a50eeef","","","","","loging","","",false,"","","","","","","","","","2025-12-24T19:34:55.608518+00:00",""
"Bole Medhaniyalem Area","restaurants","Addis Ababa","+251 11 661 2176","Ethiopia","","","YOD Abyssinia Traditional Restaurant, established in 2003, is one of the pioneering and most reputable traditional restaurants in Addis Ababa, introducing proudly the Ethiopian hospitality through diverse cuisines, cultu","{""formatted_address"":{""S"":""33 Cameroon St, Addis Ababa, Ethiopia""},""location_type"":{""S"":""ROOFTOP""}}","yod-abyssinia-traditional-restaurant-addis-ababa-addis-ababa-ethiopian-80dac4779836121d","[]","","{""lat"":{""N"":""8.993977""},""lon"":{""N"":""38.7906202""}}","","YOD Abyssinia Traditional Restaurant","","","","","openai_web_search+google_geocode","https://www.icwe-secretariat.com/files/eLA15/Restaurants_and_social_events.pdf","","Addis Ababa","Ethiopian","[{""S"":""Ethiopian""},{""S"":""Addis Ababa""}]","","restaurant","2025-12-19T17:55:04.852189+00:00","https://www.yodabyssinia.com"
"Alexandria, VA","rentals","","4694047297","","2025-12-25T13:48:18.752793+00:00","","","","eccb39f5-0162-421a-8cb4-85b230b634fb","","","","","Room mate wanted","","",false,"","","","","","","","","","2025-12-25T13:48:18.752793+00:00",""
"16860 Lorain Ave","restaurants","Cleveland","(216) 400-6539","USA","","","Habesha Ethiopian and Eritrean Restaurant in Cleveland, OH is a welcoming establishment that celebrates the unity and cultural richness of the Ethiopian and Eritrean communities.","{""formatted_address"":{""S"":""16860 Lorain Ave, Cleveland, OH 44111, USA""},""location_type"":{""S"":""ROOFTOP""}}","habesha-ethiopian-and-eritrean-restaurant-cleveland-oh-ethiopian-bd6f23b5639e873b","[]","","{""lat"":{""N"":""41.4507214""},""lon"":{""N"":""-81.81507069999999""}}","","Habesha Ethiopian and Eritrean Restaurant","","","","","openai_web_search+google_geocode","https://www.mapquest.com/us/ohio/habesha-ethiopian-and-eritrean-restaurant-428756585","","OH","Ethiopian","[{""S"":""Ethiopian""},{""S"":""Eritrean""},{""S"":""Cleveland""}]","","restaurant","2025-12-19T17:55:04.495122+00:00","https://habeshacle.com"
"2413 Northeast Martin Luther King Jr. Boulevard","restaurants","Portland","(503) 555-2345","United States","","","Queen of Sheba is an Ethiopian restaurant in Portland, Oregon.","{""formatted_address"":{""S"":""2413 NE Martin Luther King Jr Blvd, Portland, OR 97212, USA""},""location_type"":{""S"":""ROOFTOP""}}","queen-of-sheba-portland-oregon-ethiopian-36859a3b53a9ef45","[]","","{""lat"":{""N"":""45.54026469999999""},""lon"":{""N"":""-122.6618327""}}","","Queen of Sheba","","","","","openai_web_search+google_geocode","https://en.wikipedia.org/wiki/Queen_of_Sheba_%28restaurant%29","","Oregon","Ethiopian","[{""S"":""Ethiopian""}]","","restaurant","2025-12-19T17:55:28.469209+00:00","https://queenofsheba.biz"
"Addis Ababa, Ethiopia","jobs","Addis Ababa","N/A","Ethiopia","","","INTERN – PUBLIC INFORMATION – DIGITAL COMMUNICATIONS

United Nations Office to the African Union (UNOAU)

Location: Addis Ababa, Ethiopia","{""formatted_address"":{""S"":""Addis Ababa, Ethiopia""},""location_type"":{""S"":""APPROXIMATE""},""granularity"":{""S"":""city""},""geocoded_from"":{""S"":""Addis Ababa, Addis Ababa, Ethiopia""}}","united-nations-office-to-the-african-union-unoau-addis-ababa-addis-ababa-internship-a5b271a5cbde89ec","[]","job","{""lat"":{""N"":""9.0191936""},""lon"":{""N"":""38.7524635""}}","city","United Nations Office to the African Union (UNOAU)","N/A","",false,"N/A","openai_web_search+google_geocode","https://www.alljobspo.com/ethiopia-jobs/job-details/288854","","Addis Ababa","Internship","[{""S"":""UNOAU""},{""S"":""Internship""},{""S"":""Public Information""},{""S"":""Addis Ababa""},{""S"":""Ethiopia""}]","INTERN – PUBLIC INFORMATION – DIGITAL COMMUNICATIONS","job","2025-12-19T17:51:24.306945+00:00","https://www.alljobspo.com/ethiopia-jobs/job-details/288854"
"","rentals","","","","2025-12-24T18:35:55.890593+00:00","","","","baee353b-95a0-4a2c-9a7b-9991b77a7f78","","","","","test save and promote both works","","",false,"","","","","","","","","","2025-12-24T18:35:55.890593+00:00",""
"Seattle, WA","markets","Seattle","(206) 324-2527","USA","","","At Habesha Cafe, we offer far more than just delicious prepared food.","{""formatted_address"":{""S"":""Seattle, WA, USA""},""location_type"":{""S"":""APPROXIMATE""}}","habesha-cafe-ethiopian-market-seattle-wa-ethiopian-cbc4d8e2807687ba","[]","","{""lat"":{""N"":""47.6061389""},""lon"":{""N"":""-122.3328481""}}","","Habesha Cafe Ethiopian Market","","","","","openai_web_search+google_geocode","https://habesha.cafe/habesha-market/","","WA","Ethiopian","[{""S"":""Ethiopian market""},{""S"":""injera""},{""S"":""spices""},{""S"":""coffee""}]","","market","2025-12-19T17:58:17.148583+00:00","https://habesha.cafe/habesha-market/"
"5020 Telegraph Ave","restaurants","Oakland","510-547-5100","USA","","","Enjoy fresh ingredients, great friendly service in a relaxed, casual, authentic atmosphere.","{""formatted_address"":{""S"":""5020 Telegraph Ave, Oakland, CA 94609, USA""},""location_type"":{""S"":""ROOFTOP""}}","asmara-restaurant-oakland-ca-ethiopian-b42c0beec2cb767a","[]","","{""lat"":{""N"":""37.8367464""},""lon"":{""N"":""-122.2620876""}}","","Asmara Restaurant","","","","","openai_web_search+google_geocode","https://asmararestaurantoakland.com/","","CA","Ethiopian","[{""S"":""Eritrean""},{""S"":""Oakland""}]","","restaurant","2025-12-19T17:55:36.103845+00:00","https://asmararestaurantoakland.com/"
"617 S Pickett St, Alexandria, VA","events","Alexandria","N/A","USA","","","Ethiopian | Eritrean | Habesha Holiday Market at 617 S Pickett St, Alexandria, VA.","{""formatted_address"":{""S"":""617 S Pickett St, Alexandria, VA 22304, USA""},""location_type"":{""S"":""ROOFTOP""}}","ethiopian-eritrean-habesha-holiday-market-alexandria-va-cultural-event-0495c89833147ae3","[]","","{""lat"":{""N"":""38.8062671""},""lon"":{""N"":""-77.1317024""}}","","Ethiopian | Eritrean | Habesha Holiday Market","","","","","openai_web_search+google_geocode","https://www.eventbrite.com/e/ethiopian-eritrean-habesha-holiday-market-tickets-1977103607111","","VA","cultural event","[{""S"":""Ethiopian""},{""S"":""Eritrean""},{""S"":""Habesha""},{""S"":""cultural event""},{""S"":""party""}]","","event","2025-12-19T17:59:45.428505+00:00","https://www.eventbrite.com/e/ethiopian-eritrean-habesha-holiday-market-tickets-1977103607111"
"512 S Van Dorn St Unit D, Alexandria, VA 22304","","Alexandria","703-566-0483","US","","","512 S Van Dorn St Unit D, Alexandria, VA 22304","{""formatted_address"":{""S"":""512 S Van Dorn St Unit D, Alexandria, VA 22304, USA""},""location_type"":{""S"":""ROOFTOP""}}","feru-bar-and-restaurant-alexandria-va-ethiopian-f2bb9686426ea60c","[]","","{""lat"":{""N"":""38.8059545""},""lon"":{""N"":""-77.1324709""}}","","Feru Bar and Restaurant","","","","","openai_web_search+google_geocode","https://ferurestaurantandbar.com/","","VA","ethiopian","[{""S"":""Ethiopian Restaurant""}]","","restaurant","2025-12-18T02:21:41.303622+00:00","https://ferurestaurantandbar.com/"
"Bole Medhaniyalem Area next to Brass Hospital","restaurants","Addis Ababa","+251 11 618 8888","Ethiopia","","","Habesha Restaurant offers diners an authentic Ethiopian meal, where they will sit on wooden stools around a mesop (Ethiopian dinner table).","{""formatted_address"":{""S"":""Addis Ababa, Ethiopia""},""location_type"":{""S"":""GEOMETRIC_CENTER""}}","habesha-ethiopian-restaurant-addis-ababa-addis-ababa-ethiopian-5c96bca863c84fa5","[]","","{""lat"":{""N"":""8.9900395""},""lon"":{""N"":""38.7935202""}}","","Habesha Ethiopian Restaurant","","","","","openai_web_search+google_geocode","https://www.icwe-secretariat.com/files/eLA15/Restaurants_and_social_events.pdf","","Addis Ababa","Ethiopian","[{""S"":""Ethiopian""},{""S"":""Habesha""}]","","restaurant","2025-12-19T17:55:49.892190+00:00","https://www.yodabyssinia.com/"
"1120-30 4th Street","restaurants","San Francisco","415-409-6649","USA","","","Authentic and Delicious Ethiopian Cuisine in San Francisco","{""formatted_address"":{""S"":""1120 4th St, San Francisco, CA 94158, USA""},""location_type"":{""S"":""ROOFTOP""}}","tadu-ethiopian-kitchen-san-francisco-ca-ethiopian-84766590ce9cde8a","[]","","{""lat"":{""N"":""37.77403""},""lon"":{""N"":""-122.3917069""}}","","Tadu Ethiopian Kitchen","","","","","openai_web_search+google_geocode","https://taduethiopiankitchen.com/","","CA","Ethiopian","[{""S"":""Ethiopian""},{""S"":""San Francisco""}]","","restaurant","2025-12-19T17:55:35.516411+00:00","https://taduethiopiankitchen.com/"
"","rentals","","","","2025-12-23T22:12:04.641341+00:00","","","","10599eb7-0b28-4c93-8337-2c2aeba51de9","","","","","room mate wanted","","",false,"","","","","","","","","","2025-12-23T22:12:04.641341+00:00",""
"Washington, DC","services","Washington","202-247-0837","USA","","","DC Mobile Notary
Start Application","{""formatted_address"":{""S"":""Washington, DC, USA""},""location_type"":{""S"":""APPROXIMATE""}}","dc-mobile-notary-washington-dc-ethiopian-6711edff34a38ad0","[]","","{""lat"":{""N"":""38.9071923""},""lon"":{""N"":""-77.0368707""}}","","DC Mobile Notary","","","","","openai_web_search+google_geocode","https://www.dcmobilenotary.com/countries/ethiopia-legalization-services","","DC","Ethiopian","[{""S"":""notary""},{""S"":""Ethiopian""}]","","notary","2025-12-19T18:02:33.827778+00:00","https://www.dcmobilenotary.com/countries/ethiopia-legalization-services"
"Washington, DC","services","Washington","301-244-8174","USA","","","Aseged Yimer & Associates Law Offices
See More info Here","{""formatted_address"":{""S"":""Washington, DC, USA""},""location_type"":{""S"":""APPROXIMATE""}}","aseged-yimer-associates-law-offices-washington-dc-ethiopian-f9b46d3289c9a578","[]","","{""lat"":{""N"":""38.9071923""},""lon"":{""N"":""-77.0368707""}}","","Aseged Yimer & Associates Law Offices","","","","","openai_web_search+google_geocode","https://habeshayellowpages.com/listings/ethiopian-lawyers-near-me/","","DC","Ethiopian","[{""S"":""lawyer""},{""S"":""Ethiopian""}]","","lawyer","2025-12-19T18:02:32.885308+00:00","https://habeshayellowpages.com/listings/ethiopian-lawyers-near-me/"
"Washington, DC","services","Washington","Not provided","USA","","","""Law Office of Berhan Dargay"" listed under Ethiopian Lawyers Near Me.","{""formatted_address"":{""S"":""Washington, DC, USA""},""location_type"":{""S"":""APPROXIMATE""}}","law-office-of-berhan-dargay-washington-dc-lawyer-e00ff41a24dbc279","[]","","{""lat"":{""N"":""38.9071923""},""lon"":{""N"":""-77.0368707""}}","","Law Office of Berhan Dargay","","","","","openai_web_search+google_geocode","https://habeshayellowpages.com/listings/ethiopian-lawyers-near-me/","","DC","lawyer","[{""S"":""lawyer""},{""S"":""Ethiopian""}]","","business","2025-12-19T18:03:39.106133+00:00","https://habeshayellowpages.com/listings/ethiopian-lawyers-near-me/"
"1234 5th Street, Sioux Falls, SD 57104","markets","Sioux Falls","","USA","","","1234 5th Street, Sioux Falls, SD 57104","{""formatted_address"":{""S"":""1234 W 5th St, Sioux Falls, SD 57104, USA""},""location_type"":{""S"":""RANGE_INTERPOLATED""}}","africa-market-sioux-falls-sd-market-acf6abb7beb35585","[]","","{""lat"":{""N"":""43.5527096""},""lon"":{""N"":""-96.743911""}}","","Africa Market","","","","","openai_web_search+google_geocode","https://africamarket.us/products/injera","","SD","market","[{""S"":""Ethiopian""},{""S"":""Eritrean""},{""S"":""Habesha""},{""S"":""grocery""},{""S"":""market""},{""S"":""injera""}]","","grocery","2025-12-19T17:57:54.985694+00:00","https://africamarket.us/products/injera"
"Princeton University, Princeton, NJ","events","Princeton","N/A","USA","","","Ethiopian and Eritrean New Years Celebration at Princeton University.","{""formatted_address"":{""S"":""Princeton, NJ 08544, USA""},""location_type"":{""S"":""GEOMETRIC_CENTER""}}","ethiopian-and-eritrean-new-years-celebration-princeton-nj-cultural-event-b942d8122f4085c2","[]","","{""lat"":{""N"":""40.3430942""},""lon"":{""N"":""-74.65507389999999""}}","","Ethiopian and Eritrean New Years Celebration","","","","","openai_web_search+google_geocode","https://www.princeton.edu/events/2023/ethiopian-and-eritrean-new-years-celebration","","NJ","cultural event","[{""S"":""Ethiopian""},{""S"":""Eritrean""},{""S"":""Habesha""},{""S"":""cultural event""}]","","event","2025-12-19T17:59:45.306278+00:00","https://www.princeton.edu/events/2023/ethiopian-and-eritrean-new-years-celebration"
"Washington, DC","services","Washington","Not provided","USA","","","""Law Offices of Seife Lemma"" listed under Ethiopian Lawyers Near Me.","{""formatted_address"":{""S"":""Washington, DC, USA""},""location_type"":{""S"":""APPROXIMATE""}}","law-offices-of-seife-lemma-washington-dc-lawyer-7848d3d2c9234132","[]","","{""lat"":{""N"":""38.9071923""},""lon"":{""N"":""-77.0368707""}}","","Law Offices of Seife Lemma","","","","","openai_web_search+google_geocode","https://habeshayellowpages.com/listings/ethiopian-lawyers-near-me/","","DC","lawyer","[{""S"":""lawyer""},{""S"":""Ethiopian""}]","","business","2025-12-19T18:03:38.804138+00:00","https://habeshayellowpages.com/listings/ethiopian-lawyers-near-me/"
"5638 W Washington St","restaurants","Indianapolis","","USA","","","Zara Habesha is an Ethiopian and Eritrean restaurant located in Indianapolis, offering a unique culinary experience.","{""formatted_address"":{""S"":""5638 W Washington St, Indianapolis, IN 46241, USA""},""location_type"":{""S"":""ROOFTOP""}}","zara-habesha-indianapolis-in-ethiopian-5eb3ea9fa1b481c5","[]","","{""lat"":{""N"":""39.7512529""},""lon"":{""N"":""-86.2564599""}}","","Zara Habesha","","","","","openai_web_search+google_geocode","https://zara-habesha-ethiopian-eritrean-restaurant.wheree.com/","","IN","Ethiopian","[{""S"":""Ethiopian""},{""S"":""Eritrean""},{""S"":""Restaurant""},{""S"":""Indianapolis""}]","","restaurant","2025-12-19T17:55:11.639850+00:00",""
"Washington, DC","services","Washington","Not provided","USA","","","""Law Offices of Zewdu Alem Derseh"" listed under Ethiopian Lawyers Near Me.","{""formatted_address"":{""S"":""Washington, DC, USA""},""location_type"":{""S"":""APPROXIMATE""}}","law-offices-of-zewdu-alem-derseh-washington-dc-lawyer-af46ba639bd3d3ec","[]","","{""lat"":{""N"":""38.9071923""},""lon"":{""N"":""-77.0368707""}}","","Law Offices of Zewdu Alem Derseh","","","","","openai_web_search+google_geocode","https://habeshayellowpages.com/listings/ethiopian-lawyers-near-me/","","DC","lawyer","[{""S"":""lawyer""},{""S"":""Ethiopian""}]","","business","2025-12-19T18:03:39.032902+00:00","https://habeshayellowpages.com/listings/ethiopian-lawyers-near-me/"
"3415 Main St","restaurants","Kansas City","(816) 756-5111","USA","","","Address: 3415 Main St, Kansas City, MO 64111","{""formatted_address"":{""S"":""3415 Main St, Kansas City, MO 64111, USA""},""location_type"":{""S"":""ROOFTOP""}}","habesha-restaurant-bar-kansas-city-mo-ethiopian-0e94da6900bc0d07","[]","","{""lat"":{""N"":""39.0651496""},""lon"":{""N"":""-94.5853526""}}","","Habesha Restaurant & Bar","","","","","openai_web_search+google_geocode","https://habesharestaurantkc.com","","MO","Ethiopian","[{""S"":""Ethiopian""},{""S"":""Eritrean""},{""S"":""Habesha""}]","","restaurant","2025-12-19T17:55:37.764190+00:00","https://habesharestaurantkc.com"
"","rentals","","","","2025-12-23T22:12:30.063699+00:00","","","","31413286-3706-4071-962a-cc1412ee01af","","","","","hhh","","",false,"","","","","","","","","","2025-12-23T22:12:30.063699+00:00",""
"Washington, DC","services","Washington","301-244-8174","USA","","","LAW OFFICES OF ZEWDU ALEM DERSEH
See More info Here","{""formatted_address"":{""S"":""Washington, DC, USA""},""location_type"":{""S"":""APPROXIMATE""}}","law-offices-of-zewdu-alem-derseh-washington-dc-ethiopian-9a73fd2e4fdedc59","[]","","{""lat"":{""N"":""38.9071923""},""lon"":{""N"":""-77.0368707""}}","","Law Offices of Zewdu Alem Derseh","","","","","openai_web_search+google_geocode","https://habeshayellowpages.com/listings/ethiopian-lawyers-near-me/","","DC","Ethiopian","[{""S"":""lawyer""},{""S"":""Ethiopian""}]","","lawyer","2025-12-19T18:02:33.021114+00:00","https://habeshayellowpages.com/listings/ethiopian-lawyers-near-me/"
"Washington, DC","services","Washington","301-244-8174","USA","","","FAYAD & ASSOCIATES
See More info Here","{""formatted_address"":{""S"":""Washington, DC, USA""},""location_type"":{""S"":""APPROXIMATE""}}","fayad-associates-washington-dc-ethiopian-925a17d7e6a13422","[]","","{""lat"":{""N"":""38.9071923""},""lon"":{""N"":""-77.0368707""}}","","Fayad & Associates","","","","","openai_web_search+google_geocode","https://habeshayellowpages.com/listings/ethiopian-lawyers-near-me/","","DC","Ethiopian","[{""S"":""lawyer""},{""S"":""Ethiopian""}]","","lawyer","2025-12-19T18:02:33.370272+00:00","https://habeshayellowpages.com/listings/ethiopian-lawyers-near-me/"
"Bole, K03/05","restaurants","Addis Ababa","+251 11 618 8888","Ethiopia","","","Habesha Restaurant offers diners an authentic Ethiopian meal, where they will sit on wooden stools around a mesop (Ethiopian dinner table).","{""formatted_address"":{""S"":""Bole, Addis Ababa, Ethiopia""},""location_type"":{""S"":""APPROXIMATE""}}","habesha-restaurant-addis-ababa-addis-ababa-ethiopian-fbd8d1b5dbda5b80","[]","","{""lat"":{""N"":""8.9831138""},""lon"":{""N"":""38.8100855""}}","","Habesha Restaurant","","","","","openai_web_search+google_geocode","https://www.icwe-secretariat.com/files/eLA15/Restaurants_and_social_events.pdf","","Addis Ababa","Ethiopian","[{""S"":""Ethiopian""},{""S"":""Habesha""}]","","restaurant","2025-12-19T17:55:49.956475+00:00","https://www.yodabyssinia.com/"
"3415 Main St","restaurants","Kansas City","","USA","","","Ethiopian, Eritrean refugees seeing success after opening West Side restaurant","{""formatted_address"":{""S"":""3415 Main St, Kansas City, MO 64111, USA""},""location_type"":{""S"":""ROOFTOP""}}","habesha-restaurant-kansas-city-mo-ethiopian-a4fd4f72f7ce1405","[]","","{""lat"":{""N"":""39.0651496""},""lon"":{""N"":""-94.5853526""}}","","Habesha Restaurant","","","","","openai_web_search+google_geocode","https://www.news5cleveland.com/open/refugees-to-restauranteurs-trio-from-ethiopia-overcoming-challenges-after-opening-amid-pandemic","","MO","Ethiopian","[{""S"":""Ethiopian""},{""S"":""Eritrean""},{""S"":""Restaurant""},{""S"":""Cleveland""}]","","restaurant","2025-12-19T17:55:11.872523+00:00",""
"Washington, DC","services","Washington","301-244-8174","USA","","","Law Office of Fekade
See More information about Fekade Law Firm","{""formatted_address"":{""S"":""Washington, DC, USA""},""location_type"":{""S"":""APPROXIMATE""}}","law-office-of-fekade-washington-dc-ethiopian-779fda13fed6cd63","[]","","{""lat"":{""N"":""38.9071923""},""lon"":{""N"":""-77.0368707""}}","","Law Office of Fekade","","","","","openai_web_search+google_geocode","https://habeshayellowpages.com/listings/ethiopian-lawyers-near-me/","","DC","Ethiopian","[{""S"":""lawyer""},{""S"":""Ethiopian""}]","","lawyer","2025-12-19T18:02:32.509767+00:00","https://habeshayellowpages.com/listings/ethiopian-lawyers-near-me/"
"1400 2nd Avenue, Seattle, WA 98101","markets","Seattle","","USA","","","1400 2nd Avenue, Seattle, WA 98101","{""formatted_address"":{""S"":""1400 2nd Ave, Seattle, WA 98101, USA""},""location_type"":{""S"":""ROOFTOP""}}","habesha-cafe-ethiopian-market-seattle-wa-market-d285c2e3cad0a048","[]","","{""lat"":{""N"":""47.6086215""},""lon"":{""N"":""-122.3379119""}}","","Habesha Cafe Ethiopian Market","","","","","openai_web_search+google_geocode","https://habesha.cafe/habesha-market/","","WA","market","[{""S"":""Ethiopian""},{""S"":""Eritrean""},{""S"":""Habesha""},{""S"":""grocery""},{""S"":""market""},{""S"":""injera""}]","","grocery","2025-12-19T17:57:54.825667+00:00","https://habesha.cafe/habesha-market/"
"","rentals","","","","2025-12-24T19:26:02.385952+00:00","","","","98e03792-8879-402f-ac72-3b9f866af077","","","","","loging","","",false,"","","","","","","","","","2025-12-24T19:26:02.385952+00:00",""
"Cary, NC","markets","Cary","(919) 377-9999","USA","","","Habesha Market & Carry-out, we are committed to using only the freshest and highest quality ingredients in our dishes.","{""formatted_address"":{""S"":""Cary, NC, USA""},""location_type"":{""S"":""APPROXIMATE""}}","habesha-market-cary-nc-ethiopian-456b3a4d172f21ea","[]","","{""lat"":{""N"":""35.7890402""},""lon"":{""N"":""-78.77976439999999""}}","","Habesha Market","","","","","openai_web_search+google_geocode","https://www.habeshamarketcary.com/about","","NC","Ethiopian","[{""S"":""Ethiopian market""},{""S"":""injera""},{""S"":""spices""},{""S"":""coffee""}]","","market","2025-12-19T17:58:17.020528+00:00","https://www.habeshamarketcary.com/"
"","rentals","","","","2025-12-24T19:45:36.616441+00:00","","","","5ea207eb-9f32-4e1a-a94c-683709e3fe77","","","","","loging","","homeSponsored",false,"","","","1767210348","","","","","","2025-12-24T19:45:48.626475+00:00",""
"","rentals","","","","2025-12-24T19:20:35.544613+00:00","","","","b8d6ab5e-469a-4f7a-95c6-0892a8749b86","","","","","loging","","homeSponsored",false,"","","","1767212376","","","","","","2025-12-24T20:19:36.919013+00:00",""
"Washington, DC","services","Washington","301-244-8174","USA","","","Kia Travel and Documents Legalization
See More info Here","{""formatted_address"":{""S"":""Washington, DC, USA""},""location_type"":{""S"":""APPROXIMATE""}}","kia-travel-and-documents-legalization-washington-dc-ethiopian-e733ade99e76b8bf","[]","","{""lat"":{""N"":""38.9071923""},""lon"":{""N"":""-77.0368707""}}","","Kia Travel and Documents Legalization","","","","","openai_web_search+google_geocode","https://habeshalink.com/listings/ethiopian-notarization-document-legalization-services/","","DC","Ethiopian","[{""S"":""notary""},{""S"":""Ethiopian""}]","","notary","2025-12-19T18:02:33.502837+00:00","https://habeshalink.com/listings/ethiopian-notarization-document-legalization-services/"
"","rentals","","","","","","HabeshaLink","{""formatted_address"":{""S"":""""},""location_type"":{""S"":""""},""granularity"":{""S"":""remote""}}","habeshalink-unknown-unknown-website-e23885df04e2844a","[]","rental","","remote","HabeshaLink","","",true,"","openai_web_search+google_geocode","https://habeshalink.com/","","","website","[{""S"":""HabeshaLink""},{""S"":""Ethiopian community""},{""S"":""housing listings""},{""S"":""roommates""},{""S"":""DMV area""},{""S"":""Washington DC""},{""S"":""Maryland""},{""S"":""Virginia""}]","HabeshaLink","website","2025-12-19T17:53:35.607991+00:00","https://habeshalink.com/"
"","rentals","","","","","","Habesha Real Estate agents and professionals are in all major cities in the United States.","{""formatted_address"":{""S"":""""},""location_type"":{""S"":""""},""granularity"":{""S"":""remote""}}","ethiopian-and-eritrean-real-estate-agents-unknown-unknown-real-estate-3340e0088a0c20e8","[]","rental","","remote","Ethiopian and Eritrean Real Estate Agents","","",true,"","openai_web_search+google_geocode","https://habeshalink.com/listings/realtor/","","","real estate","[{""S"":""Habesha""},{""S"":""Ethiopian""},{""S"":""Eritrean""},{""S"":""real estate agents""},{""S"":""USA""}]","Ethiopian and Eritrean Real Estate Agents","real estate","2025-12-19T17:53:35.631693+00:00","https://habeshalink.com/listings/realtor/"
"1518 U Street NW","","Washington","202-319-9350","USA","","","Jojo Restaurant & Bar 1518 U Street NW, Washington, DC 20009 202-319 9350 www.jojodc.com","{""formatted_address"":{""S"":""1518 U St NW, Washington, DC 20009, USA""},""location_type"":{""S"":""ROOFTOP""},""granularity"":{""S"":""street""},""geocoded_from"":{""S"":""1518 U Street NW, Washington, DC, USA""}}","jojo-restaurant-bar-washington-dc-ethiopian-a646c94af281562d","[]","place","{""lat"":{""N"":""38.9168326""},""lon"":{""N"":""-77.03539300000001""}}","street","Jojo Restaurant & Bar","N/A","",false,"N/A","openai_web_search+google_geocode","https://oaa.dc.gov/sites/default/files/dc/sites/oaa/page_content/attachments/Africancomp.pdf","","DC","Ethiopian","[{""S"":""Ethiopian restaurant""},{""S"":""Washington DC""}]","Ethiopian Restaurant and Bar","restaurant","2025-12-19T01:27:44.298702+00:00","https://www.jojodc.com"
"245 Eleventh Avenue","restaurants","New York City","(212) 555-1234","USA","","","Hav & Mar is a restaurant in Chelsea, New York City opened by Marcus Samuelsson. The food is described as ""Swediopian,"" a mix of Swedish and Ethiopian primarily serving seafood.","{""formatted_address"":{""S"":""245 11th Ave, New York, NY 10001, USA""},""location_type"":{""S"":""ROOFTOP""}}","hav-mar-new-york-city-ny-ethiopian-7c53cc2249491ed5","[]","","{""lat"":{""N"":""40.7450991""},""lon"":{""N"":""-74.0080411""}}","","Hav & Mar","","","","","openai_web_search+google_geocode","https://en.wikipedia.org/wiki/Hav_%26_Mar","","NY","Ethiopian","[{""S"":""Ethiopian""},{""S"":""New York City""}]","","restaurant","2025-12-19T17:55:03.957926+00:00","https://www.havandmar.com/"
"2940 Northeast Alberta Street","restaurants","Portland","(503) 555-5678","USA","","","Abyssinian Kitchen is an Ethiopian and Eritrean restaurant in Portland, Oregon, United States.","{""formatted_address"":{""S"":""2940 NE Alberta St, Portland, OR 97211, USA""},""location_type"":{""S"":""ROOFTOP""}}","abyssinian-kitchen-portland-or-ethiopian-8e945e82cf6f0256","[]","","{""lat"":{""N"":""45.5588858""},""lon"":{""N"":""-122.6350114""}}","","Abyssinian Kitchen","","","","","openai_web_search+google_geocode","https://en.wikipedia.org/wiki/Abyssinian_Kitchen","","OR","Ethiopian","[{""S"":""Ethiopian""},{""S"":""Eritrean""},{""S"":""Portland""}]","","restaurant","2025-12-19T17:55:04.112536+00:00","https://abyssiniankitchen.com/"
"1125 Queen St, Alexandria, VA 22314","","Alexandria","703-717-9740","US","","","1125 Queen St, Alexandria, VA 22041","{""formatted_address"":{""S"":""1125 Queen St, Alexandria, VA 22314, USA""},""location_type"":{""S"":""ROOFTOP""}}","hawwi-ethiopian-restaurant-alexandria-va-ethiopian-439400626c9e4f9c","[]","","{""lat"":{""N"":""38.8082162""},""lon"":{""N"":""-77.0517696""}}","","Hawwi Ethiopian Restaurant","","","","","openai_web_search+google_geocode","https://hawirestaurant.com/contact.php","","VA","ethiopian","[{""S"":""Ethiopian Restaurant""}]","","restaurant","2025-12-18T02:21:41.082149+00:00","https://hawirestaurant.com/contact.php"
"Washington, DC","services","Washington","301-244-8174","USA","","","Adulis MCS, Pack & Ship
See More info Here","{""formatted_address"":{""S"":""Washington, DC, USA""},""location_type"":{""S"":""APPROXIMATE""}}","adulis-mcs-pack-ship-washington-dc-ethiopian-001b78b0ef1620cc","[]","","{""lat"":{""N"":""38.9071923""},""lon"":{""N"":""-77.0368707""}}","","Adulis MCS, Pack & Ship","","","","","openai_web_search+google_geocode","https://habeshalink.com/listings/ethiopian-notarization-document-legalization-services/","","DC","Ethiopian","[{""S"":""notary""},{""S"":""Ethiopian""}]","","notary","2025-12-19T18:02:33.571400+00:00","https://habeshalink.com/listings/ethiopian-notarization-document-legalization-services/"
"1608 7th Street NW","","Washington","202-232-1608","USA","","","Fassle LLC -Uptown 1608 7th Street NW, Washington, DC 20001 202-232-1608 www.uptownethiopiancuisine.com","{""formatted_address"":{""S"":""1608 7th St NW, Washington, DC 20001, USA""},""location_type"":{""S"":""ROOFTOP""},""granularity"":{""S"":""street""},""geocoded_from"":{""S"":""1608 7th Street NW, Washington, DC, USA""}}","fassle-llc-uptown-washington-dc-ethiopian-37e8d7eded0c53cc","[]","place","{""lat"":{""N"":""38.9114946""},""lon"":{""N"":""-77.022226""}}","street","Fassle LLC - Uptown","N/A","",false,"N/A","openai_web_search+google_geocode","https://oaa.dc.gov/sites/default/files/dc/sites/oaa/page_content/attachments/Africancomp.pdf","","DC","Ethiopian","[{""S"":""Ethiopian restaurant""},{""S"":""Washington DC""}]","Ethiopian Restaurant","restaurant","2025-12-19T01:27:43.864416+00:00","https://www.uptownethiopiancuisine.com"
